Month Num,Month,BRANCH,"New Library Card Registrations, Adult (includes YA)","New Library Card Registrations, Juvenile",Gate Count,PC Reservations,WiFi - Unique Sessions,External Party Library Room Use,Total Branch Circulation,Hotspots Circulation,Curbside,ILL - Sent (Main ONLY),ILL - Received (Main ONLY),ICLs - Sent (MAIN ONLY),ICLs - Received (MAIN ONLY),Total Prints per Month,I2:  ONSITE Sessions 0-5,I3:   ONSITE Sessions 6-11,I4: ONSITE Sessions 12-18,I5:   ONSITE Sessions 19+,I6:  ONSITE Sessions GENERAL INTEREST,ONSITE Attendance 0-5,ONSITE Attendance 6-11,ONSITE Attendance 12-18,ONSITE Attendance 19+,ONSITE Attendance General Interest,OFFSITE Sessions 0-5,OFFSITE Sessions 6-11,OFFSITE Sessions 12-18,OFFSITE Sessions 19+,OFFSITE Sessions General Interest,OFFSITE Attendance 0-5,OFFSITE Attendance 6-11,OFFSITE Attendance 12-18,OFFSITE Attendance 19+,OFFSITE Attendance General Interest,VIRTUAL Sessions 0-5,VIRTUAL Sessions 6-11,VIRTUAL Sessions 12-18,VIRTUAL Sessions 19+,VIRTUAL Sessions General Interest,VIRTUAL Attendance 0-5,VIRTUAL Attendance 6-11,VIRTUAL Attendance 12-18,VIRTUAL Attendance 19+,VIRTUAL Attendance General Interest,I21: NUMBER OF OUTREACH ACTIVITIES Conducted,Outreach Attendance (YCL Internal),"I22: TOTAL # TAKE & MAKES and OTHER PASSIVE PROGRAM PARTICIPANTS
",I23: NUMBER OF STAFF TAKING TRAINING,I24: NUMBER OF HOURS STAFF ATTENDED TRAINING,1-on-1 Total for Month,Email Address,Year,Locker Circulation
1,January,ROCK HILL,,237,13105,,,,"14,481",121,,7,105,,,,,,,,,,,,,,,,,,,,,,,,,,,,,,,,,,,,,,,,,2024,
1,January,CLOVER,,43,2152,216,,1,"2,594",67,,,,,,,10,2,2,4,2,119,25,11,27,75,,,,,,,,,,,,,,,,,,,,,,,30,38,26.5,,,2024,
1,January,FORT MILL,,281,10005,679,,6,"18,615",33,5,,,,,,30,5,5,10,4,867,63,47,85,184,,,,,,,,,,,,,,,,,,,,,,,469,,,,,2024,
1,January,LAKE WYLIE,,75,3147,138,,9,"4,442",12,3,,,,,,1,2,2,10,0,8,6,4,105,0,,0,,,,,0,,,,,,,,,,,,,,,,261,1,9,2,,2024,
1,January,YORK,,54,3430,395,,3,"3,551",99,0,,,,,,10,2,2,9,,146,56,15,91,,,,,,,,,,,,,,,,,,,,,,,,150,4,16,3,,2024,
1,January,OUTREACH/BOOKMOBILE,,18,625,,,,"1,342",0,,,,,,,3,,,,,96,,,,,,,,,,,,,,,,,,,,,,,,,,,130,1,1,,,2024,
1,January,YCL (System Wide),,,,,0,,,,,,,,,4548,,,,,,,,,,,,,,,,,,,,,,,,,,,,,,,,,,,,,,2024,
2,February,ROCK HILL,,205,13867,,,,"14,107",121,,,,,,,,,,,,,,,,,,,,,,,,,,,,,,,,,,,,,,,,,,,,2024,
2,February,CLOVER,,31,2241,207,,,"2,693",57,,,,,,,13,1,1,7,2,170,10,5,56,46,,,,,,,,,,,,,,,,,,,,,,,0,35,59.5,,,2024,
2,February,FORT MILL,,223,11408,686,,14,"17,829",32,6,,,,,,23,6,7,14,4,683,66,93,116,154,,1,,,,,400,,,,,,,,,,,,,,,,365,16,120,,,2024,
2,February,LAKE WYLIE,,61,3400,193,,11,"4,250",12,3,,,,,,5,4,2,13,0,52,47,8,118,0,,0,,,,,0,,,,,,,,,,,,,,,,432,1,86,5,,2024,
2,February,YORK,,59,3286,409,,5,"3,430",81,0,,,,,,7,3,1,8,1,73,68,5,67,20,,1,,,,,57,,,,,,,,,,,,,,,,48,18,86.5,2,,2024,
2,February,OUTREACH/BOOKMOBILE,,36,1153,,,,"1,764",3,,,,,,,4,,,,,104,,,,,,,,,,,,,,,,,,,,,,,,,,,,1,1.5,,,2024,
2,February,YCL (System Wide),,,,,0,,,,21,,,,,5467,,,,,,,,,,,,,,,,,,,,,,,,,,,,,,,,,,,,,,2024,
3,March,ROCK HILL,,217,15534,2125,,6,"17,206",141,,6,131,,,,31,5,13,27,6,1188,116,155,277,106,,7,,,,,111,,,,,,,,,,,,,,,,30,42,40.5,10,,2024,
3,March,CLOVER,,39,2402,208,,0,"2,858",62,,,,,,,7,2,2,6,1,62,14,11,48,10,,,,,,,,,,,,,,,,,,,,,,,20,19,20,0,,2024,
3,March,FORT MILL,,201,12508,810,,14,"19,038",23,5,,,,,,33,6,7,14,4,1059,88,75,128,145,,,,,,,,,,,,,,,,,,,,,,,320,5,5,,,2024,
3,March,LAKE WYLIE,,67,3808,218,,12,"4,857",8,2,,,,,,4,2,2,13,2,39,7,19,122,16,,0,,,,,0,,,,,,,,,,,,,,,,365,1,53,9,,2024,
3,March,YORK,,49,3798,458,,4,"3,862",91,0,,,,,,14,1,1,8,,162,4,4,61,,,1,,,,,20,,,,,,,,,,,,,,,,45,11,66,0,,2024,
3,March,OUTREACH/BOOKMOBILE,,33,507,,,,"1,184",1,,,,,,,4,,,,,123,,,,,,,,,,,,,,,,,,,,,,,,,,,489,2,2,3,,2024,
3,March,YCL (System Wide),,,,,0,,,,,,,,,6478,,,,,,,,,,,,,,,,,,,,,,,,,,,,,,,,,,,,,,2024,
4,April,ROCK HILL,,204,15313,2034,,4,"15,145",132,27,6,116,,,,22,6,15,29,6,890,277,162,292,156,,6,,,,,60,,,,,,,,,,,,,,,,50,14,21.5,8,,2024,
4,April,CLOVER,,85,2761,214,,1,"3,132",63,0,,,,,,8,2,2,1,3,85,21,6,4,30,,0,,,,,0,,,,,,,,,,,,,,,,20,4,25,0,,2024,
4,April,FORT MILL,,215,11737,781,,6,"19,642",26,5,,,,,,21,9,7,11,6,754,778,65,94,265,,3,,,,,800,,,,,,,,,,,,,,,,402,2,2,,,2024,
4,April,LAKE WYLIE,,63,3866,188,,10,"4,663",11,2,,,,,,4,4,2,12,2,40,20,9,100,11,,0,,,,,0,,,,,,,,,,,,,,,,372,1,24.5,5,,2024,
4,April,YORK,,50,3598,377,,2,"3,804",103,0,,,,,,12,3,1,7,,206,66,4,61,,,1,,,,,150,,,,,,,,,,,,,,,,5,4,28,0,,2024,
4,April,OUTREACH/BOOKMOBILE,,8,905,,,,"1,647",3,,,,,,,1,,,2,,25,,,16,,,,,,,,,,,,,,,,,,,,,,,,385,2,8,,,2024,
4,April,YCL (System Wide),,,,,0,,,,,,,,,5306,,,,,,,,,,,,,,,,,,,,,,,,,,,,,,,,,,,,,,2024,
5,May,ROCK HILL,,209,17040,1972,,12,"19,243",139,38,4,122,,,,15,6,10,22,8,636,140,59,245,1644,,5,,,,,21,,,,,,,,,,,,,,,,0,15,14.5,7,,2024,
5,May,CLOVER,,32,2618,229,,1,"3,426",60,0,,,,,,10,2,3,3,0,155,12,17,28,0,,0,,,,,0,,,,,,,,,,,,,,,,0,1,25,0,,2024,
5,May,FORT MILL,,228,12340,747,,4,"20,990",28,5,,,,,,21,5,5,10,5,714,70,84,96,894,,1,,,,,770,,,,,,,,,,,,,,,,504,2,2,,,2024,
5,May,LAKE WYLIE,,55,3939,163,,4,"5,447",9,2,,,,,,4,5,2,9,3,50,51,11,91,3,,0,,,,,0,,,,,,,,,,,,,,,,411,1,9,1,,2024,
5,May,YORK,,72,3958,451,,2,"4,424",98,0,,,,,,10,3,7,9,1,135,72,7,69,112,,,,,,,,,,,,,,,,,,,,,,,0,3,9,0,,2024,
5,May,OUTREACH/BOOKMOBILE,,12,571,,,,"1,324",1,,,,,,,1,,,,,8,,,,,,,,,,,,,,,,,,,,,,,,,,,133,,,,,2024,
5,May,YCL (System Wide),,,,,0,,,,,,,,,6526,,,,,,,,,,,,,,,,,,,,,,,,,,,,,,,,,,,,,,2024,
6,June,ROCK HILL,,325,17538,1922,3497,3,"21,648",122,,122,4,2857,6142,,11,4,18,19,16,456,88,237,164,1609,,,,,,,,,,,,,,,,,,,,,,,,15,14,18,,2024,159
6,June,CLOVER,,50,3142,323,505,1,"4,678",57,,,,992,1832,,11,3,2,6,7,175,47,17,46,260,,,,,,,,,,,,,,,,,,,,,,,,28,31,0,,2024,43
6,June,FORT MILL,,329,12647,913,1944,0,"23,998",28,,,,1523,6441,,22,4,7,8,17,684,113,71,76,998,,,,,,,,,,,,,,,,,,,,,,,,0,0,0,,2024,241
6,June,LAKE WYLIE,,91,4927,202,665,6,"6,109",18,,,,1337,2787,,6,3,3,9,1,138,32,31,71,72,,,,,,,,,,,,,,,,,,,,,,,,1,20,5,,2024,128
6,June,YORK,,91,4363,482,877,2,"5,010",95,,,,1349,2303,,11,8,1,6,0,204,452,7,40,0,,,,,,,,,,,,,,,,,,,,,,,,6,12,3,,2024,59
6,June,OUTREACH / BOOKMOBILE,,36,756,,,,"1,498",4,,,,19,397,,1,0,0,0,0,10,0,0,0,0,,,,,,,,,,,,,,,,,,,,,,,,0,0,0,,2024,
7,July,ROCK HILL,,241,19042,2069,,2,"20,255",150,40,11,136,,,,11,5,25,20,13,652,153,315,165,1092,,2,,,,,71,,,,,,,,,,,,,,,,674,9,53,7,,2024,
7,July,CLOVER,,33,3101,320,,,"4,061",65,0,,,,,,14,3,5,6,6,177,17,30,53,106,,,,,,,,,,,,,,,,,,,,,,,108,17,20.5,,,2024,
7,July,FORT MILL,,332,13217,935,,2,"25,017",30,5,,,,,,24,5,7,8,15,737,95,86,75,741,,1,,,,,12,,,,,,,,,,,,,,,,491,1,1,,,2024,
7,July,LAKE WYLIE,,75,4727,,,,"6,425",13,,,,,,,,,,,,,,,,,,,,,,,,,,,,,,,,,,,,,,,,,,,,2024,
7,July,YORK,,72,4740,538,,2,"4,886",118,0,,,,,,9,10,3,7,0,143,292,32,114,0,,0,,,,,0,,,,,,,,,,,,,,,,35,6,108,0,,2024,
7,July,OUTREACH / BOOKMOBILE,,24,815,,,,"1,682",0,,,,,,,,,,,,,,,,,,,,,,,,,,,,,,,,,,,,,,,,,,,,2024,
7,July,YCL (System Wide),,,,,0,,,,,,,,,4827,,,,,,,,,,,,,,,,,,,,,,,,,,,,,,,,,,,,,,2024,
8,August,ROCK HILL,,248,14835,1918,,,"15,733",146,20,5,116,,,,,,5,16,1,,,46,135,34,,,,,,,,,,,,,,,,,,,,,,,244,50,375,21,,2024,
8,August,CLOVER,,51,2957,353,,1,"3,440",54,0,,,,,,1,,,4,1,16,,,20,5,,,,,,,,,,,,,,,,,,,,,,,100,26,76.5,,,2024,
8,August,FORT MILL,,191,9858,765,,3,"20,930",30,5,,,,,,,1,,6,1,,15,,50,52,,,,,,,,,,,,,,,,,,,,,,,242,17,133,,,2024,
8,August,LAKE WYLIE,,60,3610,196,,10,"5,285",16,0,,,,,,1,0,0,10,4,7,0,0,82,27,,0,,,,,0,,,,,,,,,,,,,,,,249,11,81.5,3,,2024,
8,August,YORK,,130,3663,516,,3,"4,017",100,0,,,,,,,,,2,,,,,15,,,1,,,,,40,,,,,,,,,,,,,,,,0,6,30,0,,2024,
8,August,OUTREACH/BOOKMOBILE,,34,732,,,,"1,322",5,,,,,,,,,,,,,,,,,,,,,,,,,,,,,,,,,,,,,,,283,,,6,,2024,
8,August,YCL (System Wide),,,,,,,,,,,,,,5786,,,,,,,,,,,,,,,,,,,,,,,,,,,,,,,,,,,,,,2024,
9,September,ROCK HILL,,202,14352,,,2,"15,869",125,26,5,136,,,,27,7,11,21,7,1083,1357,123,184,813,,8,,,,,2010,,,,,,,,,,,,,,,,75,10,28,3,,2024,
9,September,CLOVER,,34,2576,265,,1,"3,232",51,,,,,,,9,2,2,6,2,118,28,8,48,65,,,,,,,,,,,,,,,,,,,,,,,115,4,9.5,,,2024,
9,September,FORT MILL,,208,10362,672,,2,"18,375",27,5,,,,,,31,5,7,11,1,819,66,85,88,62,,,,,,,,,,,,,,,,,,,,,,,407,2,9,,,2024,
9,September,LAKE WYLIE,,40,3476,162,,11,"4,702",16,0,,,,,,5,5,1,9,3,82,74,3,59,8,,0,,,,,0,,,,,,,,,,,,,,,,256,1,16.5,5,,2024,
9,September,YORK,,62,3624,432,,3,"3,843",97,0,,,,,,13,3,1,9,,201,81,4,78,,,1,,,,,200,,,,,,,,,,,,,,,,26,11,16,4,,2024,
9,September,OUTREACH/BOOKMOBILE,,31,836,,,,"1,820",1,,,,,,,,,,,,,,,,,,,,,,,,,,,,,,,,,,,,,,,398,3,18,3,,2024,
9,September,YCL (System Wide),,,,,,,,,,,,,,4221,,,,,,,,,,,,,,,,,,,,,,,,,,,,,,,,,,,,,,2024,
10,October,ROCK HILL,,204,15812,1930,,3,"15,985",137,31,4,115,,,,25,9,11,20,7,959,221,137,161,178,,5,,,,,221,,,,,,,,,,,,,,,,180,14,47.75,13,,2024,
10,October,CLOVER,,37,2983,288,,,"3,272",58,,,,,,,12,2,2,7,3,140,16,11,60,251,,,,,,,,,,,,,,,,,,,,,,,86,30,76,,,2024,
10,October,FORT MILL,,180,11091,729,,,"19,017",34,5,,,,,,40,6,8,10,4,806,82,71,100,108,,,,,,,,,,,,,,,,,,,,,,,328,,,,,2024,
10,October,LAKE WYLIE,,48,3989,167,,9,"4,827",15,2,,,,,,8,6,3,10,3,178,78,13,83,13,,1,,,,,24,,,,,,,,,,,,,,,,290,1,6,3,,2024,
10,October,YORK,,85,4509,616,,1,"7,422",116,0,,,,,,11,4,2,9,,152,116,11,77,,,,,,,,,,,,,,,,,,,,,,,,46,6,12,2,,2024,
10,October,OUTREACH/BOOKMOBILE,,24,944,,,,2263,4,,,,,,,4,,,,2,58,,,,45,,,,,,,,,,,,,,,,,,,,,,,445,,,7,,2024,
10,October,YCL (System Wide),,,,,,,,,,,,,,4118,,,,,,,,,,,,,,,,,,,,,,,,,,,,,,,,,,,,,,2024,
11,November,ROCK HILL,,139,12852,,,6,"13,708",92,20,4,76,,,,23,5,8,18,4,900,132,1719,162,70,,3,,,,,1645,,,,,,,,,,,,,,,,140,17,76.25,8,,2024,
11,November,CLOVER,,23,2039,180,,,"2,737",50,,,,,,,7,3,2,6,2,104,19,14,50,69,,,,,,,,,,,,,,,,,,,,,,,85,21,22,,,2024,
11,November,FORT MILL,,131,8773,515,,4,"16,009",23,5,,,,,,25,6,6,11,3,609,82,52,88,112,,,,,,,,,,,,,,,,,,,,,,,388,,,,,2024,
11,November,LAKE WYLIE,,41,2877,149,,7,"4,444",11,2,,,,,,7,5,2,8,1,122,44,5,60,8,,0,,,,,0,,,,,,,,,,,,,,,,349,14,85,4,,2024,
11,November,YORK,,44,3025,327,,3,"3,013",90,0,,,,,,10,2,1,8,,104,27,5,162,,,1,,,,,150,,,,,,,,,,,,,,,,0,5,75,1,,2024,
11,November,OUTREACH/BOOKMOBILE,,8,830,,,,"1,494",4,,,,,,,4,,,,,120,,,,,,,,,,,,,,,,,,,,,,,,,,,500,,,,,2024,
11,November,YCL (System Wide),,,,,,,,,,,,,,3895,,,,,,,,,,,,,,,,,,,,,,,,,,,,,,,,,,,,,,2024,
12,December,ROCK HILL,,124,12444,1383,,5,"12,565",120,13,2,78,,,,23,73,20,21,9,899,73,1402,175,216,,7,,,,,1308,,,,,,,,,,,,,,,,259,10,23,9,,2024,
12,December,CLOVER,,18,2011,,,,"2,324",50,,,,,,,,,,,,,,,,,,,,,,,,,,,,,,,,,,,,,,,,,,,,2024,
12,December,FORT MILL,,141,9136,541,,2,"15,494",25,5,,,,,,14,4,6,11,3,418,49,68,71,114,,,,,,,,,,,,,,,,,,,,,,,368,,,,,2024,
12,December,LAKE WYLIE,,52,3025,148,,9,"3,800",16,2,,,,,,7,4,2,5,0,127,43,5,41,0,,0,,,,,0,,,,,,,,,,,,,,,,301,1,8,8,,2024,
12,December,YORK,,30,2841,347,,2,"2,704",97,0,,,,,,9,3,1,7,,166,81,7,60,,,,,,,,,,,,,,,,,,,,,,,,70,5,10,0,,2024,
12,December,OUTREACH/BOOKMOBILE,,5,600,,,,"1,030",4,,,,,,,3,,,,,98,,,,,,,,,,,,,,,,,,,,,,,,,,,586,,,,,2024,
12,December,YCL (System Wide),,,,,,,,,,,,,,4415,,,,,,,,,,,,,,,,,,,,,,,,,,,,,,,,,,,,,,2024,
4,April,CLOVER,,112,,,,,,,,,,,,,,,,,,,,,,,,,,,,,,,,,,,,,,,,,,,,,,,,,,2025,103
4,April,FORT MILL,,484,,,,,,,,,,,,,,,,,,,,,,,,,,,,,,,,,,,,,,,,,,,,,,,,,,2025,721
4,April,LAKE WYLIE,,178,,,,,,,,,,,,,,,,,,,,,,,,,,,,,,,,,,,,,,,,,,,,,,,,,,2025,182
4,April,ROCK HILL,,315,,,,,,,,,,,,,,,,,,,,,,,,,,,,,,,,,,,,,,,,,,,,,,,,,,2025,268
4,April,YORK,,88,,,,,,,,,,,,,,,,,,,,,,,,,,,,,,,,,,,,,,,,,,,,,,,,,,2025,74
4,April,OUTREACH / BOOKMOBILE,,,,,,,,,,,,,,,,,,,,,,,,,,,,,,,,,,,,,,,,,,,,,,,,,,,,2025,
4,April,ROCK HILL,218,,15340,2034,3639,4,15145,139,,6,116,2870,6318,563,22,6,15,29,6,890,277,162,292,156,,,,,,,,,,,,,,,,,,,,,,,12,14,22,8,,2025,
4,April,CLOVER,62,,2761,214,557,1,3132,59,,,,985,2044,163,8,2,2,1,3,85,21,6,4,30,,,,,,,,,,,,,,,,,,,,,,,1,4,25,0,,2025,
4,April,FORT MILL,203,,11742,781,1868,6,19642,28,,,,1762,6719,380,21,9,7,11,6,754,778,65,94,265,,,,,,,,,,,,,,,,,,,,,,,5,4,20,0,,2025,
4,April,LAKE WYLIE,64,,3868,188,857,10,4663,15,,,,1418,2758,107,4,4,2,12,2,40,20,9,100,11,,,,,,,,,,,,,,,,,,,,,,,9,1,25,5,,2025,
4,April,YORK,82,,3598,377,932,2,3804,112,,,,1341,2373,184,12,3,1,7,0,206,66,4,61,0,,,,,,,,,,,,,,,,,,,,,,,2,4,28,0,,2025,
4,April,OUTREACH / BOOKMOBILE,43,,905,,,,1647,4,,,,15,404,,1,0,0,2,0,25,0,0,16,0,,,,,,,,,,,,,,,,,,,,,,,21,2,8,0,,2025,
8,August,OUTREACH / BOOKMOBILE,19,20,,,,,,,,,,,,,,,,,,,,,,,,,,2,,,,,20,,,,,,,,,,,,3,184,170,7,62,1,,2025,
8,August,YORK,60,118,3914,505,781,2,5939,92,0,,,,,1090,,,,3,,,,,25,,,,,,,,,,,,,,,,,,,,,,1,150,175,10,80,0,,2025,120
8,August,LAKE WYLIE,72,15,3764,167,524,12,5908,14,3,,,,,491,0,0,0,7,2,0,0,0,56,6,0,0,0,0,0,0,0,0,0,0,0,0,0,0,0,0,0,0,0,0,0,0,847,10,88.5,6,,2025,327
8,August,CLOVER,38,4,2694,223,419,2,5121,66,0,,,,,1146,0,1,3,3,0,0,11,17,21,0,0,0,0,0,0,0,0,0,0,0,0,0,0,0,0,0,0,0,0,0,0,0,229,6,36.5,0,,2025,94
8,August,FORT MILL,213,43,10805,709,1621,3,19906,33,6,,,,,1958,,,1,17,1,,,30,114,80,,,,,,,,,,,,,,,,,,,,,,,988,17,104,,,2025,828
8,August,ROCK HILL,199,57,15257,199,3482,13,171619,123,42,5,139,9611,23150,1714,0,0,5,20,0,0,0,43,175,0,0,0,0,0,0,0,0,0,0,0,0,0,1,2,0,0,0,5,35,0,0,0,385,39,221,4,,2025,409
12,December,LAKE WYLIE,41,15,3342,169,561,17,4560,30,1,,,,,,4,2,2,9,0,38,42,21,42,0,0,0,0,0,0,0,0,0,0,0,0,0,0,0,0,0,0,0,0,0,0,0,879,2,5,3,rae.lovvorn@yclibrary.org,2025,214
12,December,YORK,43,9,4352,429,867,21,7039,120,0,,,,,1236,10,2,1,8,1,201,39,6,63,16,,,,,,,,,,,,,,,,,,,,,,,313,,,,jennifer.stanley@yclibrary.org,2025,116
12,December,FORT MILL,181,50,11975,778,1679,7,36502,74,5,,,,,2312,24,4,6,13,5,739,67,65,109,202,,,,,,,,,,,,,,,,,,,,,,,2016,1,1,,tom.holloway@yclibrary.org,2025,639
12,December,OUTREACH / BOOKMOBILE,7,2,792,,2,,1256,2,,,,,,,,,,,,,,,,,3,,,3,,105,,,70,,,,,,,,,,,,,,295,7,135.5,3,jennifer.strokis@yclibrary.org,2025,
12,December,FORT MILL,,,,,,,,,,,,,,,,,,,,,,,,,,,,,,,,,,,,,,,,,,,,,,,,3,11,,martin.house@yclibrary.org,2025,
12,December,ROCK HILL,2,19,0,0,0,0,38,0,0,0,75,1825,5333,0,0,0,0,0,0,0,0,0,0,0,20,3,13,8,4,500,74,367,71,121,0,0,0,2,0,0,0,0,43,0,,,133,27,134.25,0,amanda.antonacci@yclibrary.org,2025,0
2,February,CLOVER,,,,,,,,,,,,,,,,,,,,,,,,,,,,,,,,,,,,,,,,,,,,,,,,,,,,2025,72
2,February,FORT MILL,,,,,,,,,,,,,,,,,,,,,,,,,,,,,,,,,,,,,,,,,,,,,,,,,,,,2025,503
2,February,LAKE WYLIE,,,,,,,,,,,,,,,,,,,,,,,,,,,,,,,,,,,,,,,,,,,,,,,,,,,,2025,158
2,February,ROCK HILL,,,,,,,,,,,,,,,,,,,,,,,,,,,,,,,,,,,,,,,,,,,,,,,,,,,,2025,238
2,February,YORK,,,,,,,,,,,,,,,,,,,,,,,,,,,,,,,,,,,,,,,,,,,,,,,,,,,,2025,40
2,February,OUTREACH / BOOKMOBILE,,,,,,,,,,,,,,,,,,,,,,,,,,,,,,,,,,,,,,,,,,,,,,,,,,,,2025,
2,February,ROCK HILL,218,,13867,1859,2360,6,14107,136,,2,92,2747,5962,596,28,5,12,29,1,940,123,131,143,51,,,,,,,,,,,,,,,,,,,,,,,13,50,266,7,,2025,148
2,February,CLOVER,29,,2241,207,589,0,2693,58,,,,985,1846,100,13,1,1,7,2,170,10,5,56,46,,,,,,,,,,,,,,,,,,,,,,,8,35,60,0,,2025,46
2,February,FORT MILL,208,,11414,686,1730,14,17829,27,,,,1641,5960,282,23,6,7,14,4,683,66,93,116,154,,,,,,,,,,,,,,,,,,,,,,,5,16,221,0,,2025,314
2,February,LAKE WYLIE,54,,3403,193,992,11,4250,12,,,,1347,2470,62,5,4,2,13,0,52,47,8,118,0,,,,,,,,,,,,,,,,,,,,,,,11,4,86,5,,2025,115
2,February,YORK,36,,3286,409,975,5,3430,96,,,,1192,2195,218,7,3,1,8,1,73,68,5,67,20,,,,,,,,,,,,,,,,,,,,,,,2,18,87,2,,2025,40
2,February,OUTREACH / BOOKMOBILE,24,,13867,,,,1764,4,,,,15,421,,4,0,0,0,0,104,0,0,0,0,,,,,,,,,,,,,,,,,,,,,,,0,8,58,0,,2025,
1,January,ROCK HILL,,181,13105,1617,3059,2,14481,136,,7,105,,,749,22,5,5,18,8,913,99,47,137,364,,,,,,,,,,,,,,,,,,,,,,,47,9,48,9,,2025,199
1,January,CLOVER,,27,2152,216,457,1,2594,62,,,,,,190,10,2,2,4,2,119,25,11,27,75,,,,,,,,,,,,,,,,,,,,,,,7,38,27,0,,2025,36
1,January,FORT MILL,,202,10010,679,1570,6,18615,28,,,,,,160,30,5,5,10,4,867,63,47,85,184,,,,,,,,,,,,,,,,,,,,,,,5,0,0,0,,2025,324
1,January,LAKE WYLIE,,46,3150,138,742,9,4442,16,,,,,,87,1,2,2,10,0,8,6,4,105,0,,,,,,,,,,,,,,,,,,,,,,,7,1,9,2,,2025,74
1,January,YORK,,56,3430,395,457,3,3551,104,,,,,,575,10,2,2,9,0,146,56,15,91,0,,,,,,,,,,,,,,,,,,,,,,,2,4,16,3,,2025,58
1,January,OUTREACH / BOOKMOBILE,,7,625,,,,1342,4,,,,,,,3,0,0,0,0,96,0,0,0,0,,,,,,,,,,,,,,,,,,,,,,,1,1,1,0,,2025,
7,July,OUTREACH / BOOKMOBILE,13,6,1251,,,,,,,,,,,,,,,,,,,,,,,,,,,,,,,,,,,,,,,,,,2,,246,,,1,,2025,
7,July,CLOVER,34,12,3515,245,477,1,,,,,,,,,10,3,7,5,6,114,39,39,36,126,,,,,,,,,,,,,,,,,,,,,1,,4,14,15.8,,,2025,87
7,July,FORT MILL,252,76,15128,772,2086,,,,,,,,,,24,6,8,12,14,731,148,269,117,803,,1,,,,,,,,,,,,,,,,,,,,,4,9,10,,,2025,674
7,July,LAKE WYLIE,67,15,,,,,,,,,,,,,,,,,,,,,,,,,,,,,,,,,,,,,,,,,,,,,,,,,,2025,257
7,July,ROCK HILL,223,90,,,,,,,,,,,,,,,,,,,,,,,,,,,,,,,,,,,,,,,,,,,,,,,,,,2025,413
7,July,ROCK HILL,,,20248,2158,3826,20,33792,141,27,,123,7,,2011,12,6,21,21,13,547,226,398,192,1385,,4,,,,,1602,,,,,2,,,,,10,,,,,,374,20,27.5,8,,2025,
7,July,YORK,65,21,4771,471,724,0,6285,105,,,,,,1125,11,3,6,7,4,202,93,57,53,249,,,,,,,,,,,,,,,,,,,,,,,95,7,6,0,,2025,81
6,June,ROCK HILL,349,,19413,2046,10094,9,21648,151,,2,137,3102,1021,697,13,4,23,22,19,629,92,289,202,1912,,,,,,,,,,,,,,,,,,,,,,,8,15,14,5,,2025,
6,June,CLOVER,62,,3404,222,490,0,4678,70,,,,1359,1968,208,10,3,4,4,4,130,45,25,21,125,,,,,,,,,,,,,,,,,,,,,,,8,1,21,1,,2025,
6,June,FORT MILL,265,,14653,766,1871,1,23998,38,,,,1847,7156,274,22,5,9,12,16,679,129,113,83,1121,,,,,,,,,,,,,,,,,,,,,,,4,1,12,0,,2025,
6,June,LAKE WYLIE,137,,5355,214,891,5,6109,22,,,,1568,3167,141,4,12,2,11,5,45,623,20,92,23,,,,,,,,,,,,,,,,,,,,,,,9,1,16,8,,2025,
6,June,YORK,82,,4774,447,1015,1,5010,120,,,,1501,2669,242,10,2,3,7,4,246,60,20,99,332,,,,,,,,,,,,,,,,,,,,,,,2,10,7,0,,2025,
6,June,OUTREACH / BOOKMOBILE,235,,1346,,,,1498,4,,,,21,309,,0,0,0,0,0,0,0,0,0,0,,,,,,,,,,,,,,,,,,,,,,,3,1,4,2,,2025,
3,March,CLOVER,,,,,,,,,,,,,,,,,,,,,,,,,,,,,,,,,,,,,,,,,,,,,,,,,,,,2025,
3,March,FORT MILL,,,,,,,,,,,,,,,,,,,,,,,,,,,,,,,,,,,,,,,,,,,,,,,,,,,,2025,
3,March,LAKE WYLIE,,,,,,,,,,,,,,,,,,,,,,,,,,,,,,,,,,,,,,,,,,,,,,,,,,,,2025,
3,March,ROCK HILL,,,,,,,,,,,,,,,,,,,,,,,,,,,,,,,,,,,,,,,,,,,,,,,,,,,,2025,
3,March,YORK,,,,,,,,,,,,,,,,,,,,,,,,,,,,,,,,,,,,,,,,,,,,,,,,,,,,2025,
3,March,OUTREACH / BOOKMOBILE,,,,,,,,,,,,,,,,,,,,,,,,,,,,,,,,,,,,,,,,,,,,,,,,,,,,2025,
3,March,ROCK HILL,209,,15555,2125,3342,6,17206,141,,6,131,2981,6480,852,31,5,13,27,6,1188,116,155,277,106,,,,,,,,,,,,,,,,,,,,,,,13,42,41,10,,2025,
3,March,CLOVER,37,,2402,208,457,0,2858,66,,,,1046,1961,253,7,2,2,6,1,62,14,11,48,10,,,,,,,,,,,,,,,,,,,,,,,21,16,20,0,,2025,
3,March,FORT MILL,208,,12513,810,1795,14,19038,30,,,,1805,6730,273,33,6,7,14,4,1059,88,75,128,145,,,,,,,,,,,,,,,,,,,,,,,6,6,13,0,,2025,
3,March,LAKE WYLIE,55,,3810,218,958,12,4857,18,,,,1414,2581,87,4,1,2,13,2,39,7,19,122,16,,,,,,,,,,,,,,,,,,,,,,,8,1,53,9,,2025,
3,March,YORK,62,,3798,458,1054,4,3862,121,,,,1352,2362,234,14,1,1,8,0,162,4,4,61,0,,,,,,,,,,,,,,,,,,,,,,,2,11,66,0,,2025,
3,March,OUTREACH / BOOKMOBILE,18,,507,,,,1184,4,,,,12,409,,4,0,0,0,0,123,0,0,0,0,,,,,,,,,,,,,,,,,,,,,,,1,2,2,3,,2025,
5,May,CLOVER,,,,,,,,,,,,,,,,,,,,,,,,,,,,,,,,,,,,,,,,,,,,,,,,,,,,2025,112
5,May,FORT MILL,,,,,,,,,,,,,,,,,,,,,,,,,,,,,,,,,,,,,,,,,,,,,,,,,,,,2025,484
5,May,LAKE WYLIE,,,,,,,,,,,,,,,,,,,,,,,,,,,,,,,,,,,,,,,,,,,,,,,,,,,,2025,178
5,May,ROCK HILL,,,,,,,,,,,,,,,,,,,,,,,,,,,,,,,,,,,,,,,,,,,,,,,,,,,,2025,315
5,May,YORK,,,,,,,,,,,,,,,,,,,,,,,,,,,,,,,,,,,,,,,,,,,,,,,,,,,,2025,88
5,May,OUTREACH / BOOKMOBILE,,,,,,,,,,,,,,,,,,,,,,,,,,,,,,,,,,,,,,,,,,,,,,,,,,,,2025,
5,May,ROCK HILL,376,,17078,1972,3674,12,19243,122,,1,122,2986,6594,767,15,10,6,22,8,636,140,59,245,1644,,,,,,,,,,,,,,,,,,,,,,,4,15,15,7,,2025,
5,May,CLOVER,59,,2618,229,373,1,3426,69,,,,1169,1920,229,10,2,3,3,0,155,12,17,28,0,,,,,,,,,,,,,,,,,,,,,,,23,1,25,0,,2025,
5,May,FORT MILL,210,,12345,747,1578,4,20990,34,,,,1724,6894,301,21,5,5,10,5,714,70,84,96,894,,,,,,,,,,,,,,,,,,,,,,,6,6,4,0,,2025,
5,May,LAKE WYLIE,68,,3941,163,414,4,5447,17,,,,1498,2684,122,4,5,2,9,3,50,51,11,91,3,,,,,,,,,,,,,,,,,,,,,,,9,1,9,1,,2025,
5,May,YORK,64,,3958,451,694,2,4424,103,,,,1342,2364,266,10,3,7,9,1,135,72,7,69,112,,,,,,,,,,,,,,,,,,,,,,,2,1,9,0,,2025,
5,May,OUTREACH / BOOKMOBILE,69,,571,,,,1324,1,,,,11,272,,1,0,0,0,0,8,0,0,0,0,,,,,,,,,,,,,,,,,,,,,,,15,0,0,0,,2025,
11,November,FORT MILL,,,,,,,,,,,,,,,,,,,,,,,,,,,,,,,,,,,,,,,,,,,,,,,,0,0,,martin.house@yclibrary.org,2025,
11,November,CLOVER,21,7,2435,213,426,1,4166,76,0,,0,,,840,4,4,4,8,1,40,41,39,53,12,0,0,0,0,0,0,0,0,0,0,0,0,0,0,0,0,0,0,0,0,0,0,514,7,30.5,5,madison.brennan@yclibrary.org,2025,59
11,November,LAKE WYLIE,38,2,3068,178,523,11,4116,17,1,,,,,153,4,4,2,8,0,35,31,10,70,0,0,0,0,0,0,0,0,0,0,0,0,0,0,1,0,0,0,0,4,0,0,0,767,10,90,3,rae.lovvorn@yclibrary.org,2025,143
11,November,FORT MILL,181,42,10748,788,1507,4,34845,56,5,,,,,1424,21,6,8,12,4,701,76,60,93,142,,,,,,,,,,,,,,,,,,,,,,,1433,18,140,,tom.holloway@yclibrary.org,2025,711
11,November,OUTREACH / BOOKMOBILE,9,4,1554,,,,3056,3,,,,,,,,,,,,,,,,,3,,,,,102,,,,,,,,,,,,,,,2,101,311,8,151.5,2,jennifer.strokis@yclibrary.org,2025,
11,November,YORK,49,29,4205,439,946,13,7503,91,0,,,,,965,11,3,1,7,,231,46,9,52,,,,,,,,,,,,,,,,,,,,,,1,52,40,16,100,0,jennifer.stanley@yclibrary.org,2025,96
11,November,ROCK HILL,17,2,0,0,0,0,31,0,0,3,71,1534,4781,0,0,0,0,0,0,0,0,0,0,0,13,3,15,11,7,255,56,1406,107,299,0,0,1,5,1,0,0,156,49,18,,,15,65,259,1,amanda.antonacci@yclibrary.org,2025,0
10,October,YORK,64,87,5553,657,1145,22,8931,125,0,,,,,2239,12,2,3,9,2,231,32,14,84,22,,,,,,,,,,,,,,,,,,,,,1,140,278,8,12,0,jennifer.stanley@yclibrary.org,2025,148
10,October,OUTREACH / BOOKMOBILE,12,16,1254,,,,,,,,,,,,,,,,,,,,,,,,,,,,,,,,,,,,,,,,,,5,2428,264,6,113,4,jennifer.strokis@yclibrary.org,2025,
10,October,LAKE WYLIE,49,13,3918,193,668,11,5737,26,2,,,,,1056,4,5,2,10,1,48,30,13,81,6,0,0,0,0,0,0,0,0,0,0,0,0,0,0,0,0,0,0,0,0,0,0,965,2,10,6,rae.lovvorn@yclibrary.org,2025,254
10,October,CLOVER,26,6,3167,271,531,1,5548,88,0,,,,,1053,6,3,5,8,1,67,38,28,35,3,,,,,,,,,,,,,,,,,,,,,,,638,6,28,2,madison.brennan@yclibrary.org,2025,126
10,October,FORT MILL,211,53,13504,921,1956,,23486,65,5,,,,,1494,31,5,8,12,5,1194,72,73,109,162,,,,,,,,,,,,,,,,,,,,,1,250,1688,2,2,,tom.holloway@yclibrary.org,2025,707
10,October,FORT MILL,,,,,,,,,,,,,,,,,,,,,,,,,,,,,,,,,,,,,,,,,,,,,,,,1,15.5,,martin.house@yclibrary.org,2025,
10,October,ROCK HILL ,,,,,,,,,,,,,,,,,,,,,,,,,,,,,,,,,,,,,,,,,,,,,,,,,,,martin.house@yclibrary.org,2025,38
9,September,OUTREACH / BOOKMOBILE,16,113,792,,,,,,,,,,,,,,,,,,,,,,,,,,,,,,,,,,,,,,,,,,7,260,136,,,5,jennifer.strokis@yclibrary.org,2025,
9,September,LAKE WYLIE,48,11,3974,216,594,9,5549,18,2,,,,,351,5,4,2,13,2,65,31,11,103,3,0,0,0,0,0,0,0,0,0,0,0,0,0,0,0,0,0,0,0,0,0,0,754,3,15,3,rae.lovvorn@yclibrary.org,2025,294
9,September,YORK,64,67,4490,497,809,8,6762,93,0,,,,,1602,9,2,0,9,1,184,64,0,65,13,,,,,,,,,,,,,,,,,,,,,2,330,275,0,0,0,jennifer.stanley@yclibrary.org,2025,125
9,September,CLOVER,41,14,2893,294,472,2,5324,69,0,0,0,0,0,676,4,4,4,8,1,38,48,29,59,13,0,0,0,0,0,0,0,0,0,0,0,0,0,0,0,0,0,0,0,0,0,0,819,6,19,4,madison.brennan@yclibrary.org,2025,103
9,September,ROCK HILL,210,172,14788,1909,3690,18,16046,117,36,4,137,,,3193,21,4,13,23,4,847,106,116,,284,0,4,2,6,5,0,1278,51,126,656,0,0,0,2,1,0,0,0,29,98,,,135,7,37.3,9,amanda.antonacci@yclibrary.org,2025,301
9,September,FORT MILL,200,61,11114,733,1860,,21893,33,5,,,,,2008,35,6,9,14,4,1301,87,79,116,203,,,,,,,,,,,,,,,,,,,,,,,1475,,,,tom.holloway@yclibrary.org,2025,909
1,January,FORT MILL,,,,,,,,,,,,,,,,,,,,,,,,,,,,,,,,,,,,,,,,,,,,,,,,3,10.5,,martin.house@yclibrary.org,2026,
1,January,LAKE WYLIE,64,12,3615,166,514,7,5708,29,1,,,,,568,4,5,1,9,0,46,22,12,89,0,2,0,0,0,0,31,0,0,0,0,0,0,0,0,0,0,0,0,0,0,0,0,649,4,12,5,rae.lovvorn@yclibrary.org,2026,193
1,January,CLOVER,36,10,2648,202,491,0,4823,64,0,,,,,700,5,3,4,5,1,32,28,25,34,0,0,0,0,0,0,0,0,0,0,0,0,0,0,0,0,0,0,0,0,0,0,,287,7,22,2,madison.brennan@yclibrary.org,2026,121
1,January,OUTREACH / BOOKMOBILE,10,37,1556,,,,,1,,,,,,,,,,,,,,,,,,,,,,,,,,,,,,,,,,,,,,,,7,47.5,3,jennifer.strokis@yclibrary.org,2026,
1,January,YORK,62,37,4582,415,,24,7362,102,0,,,,,1766,11,3,1,6,0,231,55,7,45,0,,,,,,,,,,,,,,,,,,,,,,,154,2,6,0,jennifer.stanley@yclibrary.org,2026,154
1,January,YORK,,,,,880,,,,,,,,,,,,,,,,,,,,,,,,,,,,,,,,,,,,,,,,,,,,,,jennifer.stanley@yclibrary.org,2026,
1,January,FORT MILL,234,62,12721,779,1715,8,40953,71,5,,,,,1504,31,5,6,11,4,1270,68,46,93,183,,,,,,,,,,,,,,,,,,,,,,,1392,1,1,,tom.holloway@yclibrary.org,2026,646
1,January,ROCK HILL,1,83,0,0,0,0,992,0,0,1,67,1110,6578,0,0,0,0,0,0,0,0,0,0,0,16,3,11,12,5,337,57,270,96,196,0,0,0,2,0,0,0,0,22,0,0,0,64,66,132,0,amanda.antonacci@yclibrary.org,2026,0
2,February,LAKE WYLIE,47,19,3382,192,290,10,4042,23,0,,,,,593,7,5,2,10,0,77,51,18,83,0,2,0,0,0,0,37,0,0,0,0,0,0,0,0,0,0,0,0,0,0,0,0,638,13,121,7,rae.lovvorn@yclibrary.org,2026,151
2,February,YORK,65,12,4167,423,877,17,7854,110,0,,,,,849,7,3,2,6,1,131,45,9,47,5,,,,,,,,,,,,,,,,,,,,,,,251,18,147,0,jennifer.stanley@yclibrary.org,2026,110
2,February,FORT MILL,211,38,12673,907,1579,11,39230,64,5,,,,,1875,15,5,10,13,4,624,73,100,1,236,,,,,,,,,,,,,,,,,,,,,,,2292,23,177,,tom.holloway@yclibrary.org,2026,126
2,February,OUTREACH / BOOKMOBILE,19,84,841,,,,2226,,,,,,,,,,,,,,,,,,3,,,2,,91,,,25,,,,,,,,,,,,2,45,1,5,42,5,jennifer.strokis@yclibrary.org,2026,
2,February,CLOVER,27,5,2568,232,450,3,4894,58,0,,,,,773,8,2,2,7,1,91,14,12,46,5,0,0,0,0,0,0,0,0,0,0,0,0,0,0,0,0,0,0,0,0,0,0,364,11,101.5,3,madison.brennan@yclibrary.org,2026,138
3,March,CLOVER,24,13,3113,230,513,2,4877,83,0,,,,,1346,7,4,2,7,0,87,21,17,59,0,0,0,0,0,0,0,0,0,0,0,0,0,0,0,0,0,0,0,0,0,0,0,808,7,30.5,1,madison.brennan@yclibrary.org,2026,199
3,March,LAKE WYLIE,59,22,3783,175,626,12,4975,18,2,,,,,811,5,4,2,13,0,70,29,16,122,0,0,0,0,0,0,0,0,0,0,0,0,0,0,0,0,0,0,0,0,0,0,0,844,3,26,9,rae.lovvorn@yclibrary.org,2026,198
3,March,FORT MILL,223,42,14045,1042,1807,10,42370,79,5,,,,,3408,33,6,8,10,4,1370,81,76,87,230,,,,,,,,,,,,,,,,,,,,,2,550,1352,1,1,,tom.holloway@yclibrary.org,2026,126
3,March,OUTREACH / BOOKMOBILE,7,31,892,,,,3218,1,,,,,,,,,,,,,,,,,,,,,,,,,,,,,,,,,,,,,,,2,5,36.5,3,jennifer.strokis@yclibrary.org,2026,
3,March,YORK,63,8,4900,506,912,16,7611,107,0,,,,,1943,13,3,2,7,,295,75,11,60,,,,,,,,,,,,,,,,,,,,,,1,120,135,2,6,0,jennifer.stanley@yclibrary.org,2026,117
3,March,ROCK HILL,5,293,0,0,0,0,"3,708",0,0,2,77,955,"6,295",0,0,0,0,0,0,0,0,0,0,0,14,2,7,11,5,431,28,248,91,247,0,0,0,2,0,0,0,0,20,0,0,0,50,30,56.75,0,amanda.antonacci@yclibrary.org,2026,0
,,,,,,,,,,,,,,,,,,,,,,,,,,,,,,,,,,,,,,,,,,,,,,,,,,,,,,,
,,,,,,,,,,,,,,,,,,,,,,,,,,,,,,,,,,,,,,,,,,,,,,,,,,,,,,,
,,,,,,,,,,,,,,,,,,,,,,,,,,,,,,,,,,,,,,,,,,,,,,,,,,,,,,,
,,,,,,,,,,,,,,,,,,,,,,,,,,,,,,,,,,,,,,,,,,,,,,,,,,,,,,,
,,,,,,,,,,,,,,,,,,,,,,,,,,,,,,,,,,,,,,,,,,,,,,,,,,,,,,,
,,,,,,,,,,,,,,,,,,,,,,,,,,,,,,,,,,,,,,,,,,,,,,,,,,,,,,,
,,,,,,,,,,,,,,,,,,,,,,,,,,,,,,,,,,,,,,,,,,,,,,,,,,,,,,,
,,,,,,,,,,,,,,,,,,,,,,,,,,,,,,,,,,,,,,,,,,,,,,,,,,,,,,,
,,,,,,,,,,,,,,,,,,,,,,,,,,,,,,,,,,,,,,,,,,,,,,,,,,,,,,,
,,,,,,,,,,,,,,,,,,,,,,,,,,,,,,,,,,,,,,,,,,,,,,,,,,,,,,,
,,,,,,,,,,,,,,,,,,,,,,,,,,,,,,,,,,,,,,,,,,,,,,,,,,,,,,,
,,,,,,,,,,,,,,,,,,,,,,,,,,,,,,,,,,,,,,,,,,,,,,,,,,,,,,,
,,,,,,,,,,,,,,,,,,,,,,,,,,,,,,,,,,,,,,,,,,,,,,,,,,,,,,,
,,,,,,,,,,,,,,,,,,,,,,,,,,,,,,,,,,,,,,,,,,,,,,,,,,,,,,,
,,,,,,,,,,,,,,,,,,,,,,,,,,,,,,,,,,,,,,,,,,,,,,,,,,,,,,,
,,,,,,,,,,,,,,,,,,,,,,,,,,,,,,,,,,,,,,,,,,,,,,,,,,,,,,,
,,,,,,,,,,,,,,,,,,,,,,,,,,,,,,,,,,,,,,,,,,,,,,,,,,,,,,,
,,,,,,,,,,,,,,,,,,,,,,,,,,,,,,,,,,,,,,,,,,,,,,,,,,,,,,,
,,,,,,,,,,,,,,,,,,,,,,,,,,,,,,,,,,,,,,,,,,,,,,,,,,,,,,,
,,,,,,,,,,,,,,,,,,,,,,,,,,,,,,,,,,,,,,,,,,,,,,,,,,,,,,,
,,,,,,,,,,,,,,,,,,,,,,,,,,,,,,,,,,,,,,,,,,,,,,,,,,,,,,,
,,,,,,,,,,,,,,,,,,,,,,,,,,,,,,,,,,,,,,,,,,,,,,,,,,,,,,,
,,,,,,,,,,,,,,,,,,,,,,,,,,,,,,,,,,,,,,,,,,,,,,,,,,,,,,,
,,,,,,,,,,,,,,,,,,,,,,,,,,,,,,,,,,,,,,,,,,,,,,,,,,,,,,,
,,,,,,,,,,,,,,,,,,,,,,,,,,,,,,,,,,,,,,,,,,,,,,,,,,,,,,,
,,,,,,,,,,,,,,,,,,,,,,,,,,,,,,,,,,,,,,,,,,,,,,,,,,,,,,,
,,,,,,,,,,,,,,,,,,,,,,,,,,,,,,,,,,,,,,,,,,,,,,,,,,,,,,,
,,,,,,,,,,,,,,,,,,,,,,,,,,,,,,,,,,,,,,,,,,,,,,,,,,,,,,,
,,,,,,,,,,,,,,,,,,,,,,,,,,,,,,,,,,,,,,,,,,,,,,,,,,,,,,,
,,,,,,,,,,,,,,,,,,,,,,,,,,,,,,,,,,,,,,,,,,,,,,,,,,,,,,,
,,,,,,,,,,,,,,,,,,,,,,,,,,,,,,,,,,,,,,,,,,,,,,,,,,,,,,,
,,,,,,,,,,,,,,,,,,,,,,,,,,,,,,,,,,,,,,,,,,,,,,,,,,,,,,,
,,,,,,,,,,,,,,,,,,,,,,,,,,,,,,,,,,,,,,,,,,,,,,,,,,,,,,,
,,,,,,,,,,,,,,,,,,,,,,,,,,,,,,,,,,,,,,,,,,,,,,,,,,,,,,,
,,,,,,,,,,,,,,,,,,,,,,,,,,,,,,,,,,,,,,,,,,,,,,,,,,,,,,,
,,,,,,,,,,,,,,,,,,,,,,,,,,,,,,,,,,,,,,,,,,,,,,,,,,,,,,,
,,,,,,,,,,,,,,,,,,,,,,,,,,,,,,,,,,,,,,,,,,,,,,,,,,,,,,,
,,,,,,,,,,,,,,,,,,,,,,,,,,,,,,,,,,,,,,,,,,,,,,,,,,,,,,,
,,,,,,,,,,,,,,,,,,,,,,,,,,,,,,,,,,,,,,,,,,,,,,,,,,,,,,,
,,,,,,,,,,,,,,,,,,,,,,,,,,,,,,,,,,,,,,,,,,,,,,,,,,,,,,,
,,,,,,,,,,,,,,,,,,,,,,,,,,,,,,,,,,,,,,,,,,,,,,,,,,,,,,,
,,,,,,,,,,,,,,,,,,,,,,,,,,,,,,,,,,,,,,,,,,,,,,,,,,,,,,,
,,,,,,,,,,,,,,,,,,,,,,,,,,,,,,,,,,,,,,,,,,,,,,,,,,,,,,,
,,,,,,,,,,,,,,,,,,,,,,,,,,,,,,,,,,,,,,,,,,,,,,,,,,,,,,,
,,,,,,,,,,,,,,,,,,,,,,,,,,,,,,,,,,,,,,,,,,,,,,,,,,,,,,,
,,,,,,,,,,,,,,,,,,,,,,,,,,,,,,,,,,,,,,,,,,,,,,,,,,,,,,,
,,,,,,,,,,,,,,,,,,,,,,,,,,,,,,,,,,,,,,,,,,,,,,,,,,,,,,,
,,,,,,,,,,,,,,,,,,,,,,,,,,,,,,,,,,,,,,,,,,,,,,,,,,,,,,,
,,,,,,,,,,,,,,,,,,,,,,,,,,,,,,,,,,,,,,,,,,,,,,,,,,,,,,,
,,,,,,,,,,,,,,,,,,,,,,,,,,,,,,,,,,,,,,,,,,,,,,,,,,,,,,,
,,,,,,,,,,,,,,,,,,,,,,,,,,,,,,,,,,,,,,,,,,,,,,,,,,,,,,,
,,,,,,,,,,,,,,,,,,,,,,,,,,,,,,,,,,,,,,,,,,,,,,,,,,,,,,,
,,,,,,,,,,,,,,,,,,,,,,,,,,,,,,,,,,,,,,,,,,,,,,,,,,,,,,,
,,,,,,,,,,,,,,,,,,,,,,,,,,,,,,,,,,,,,,,,,,,,,,,,,,,,,,,
,,,,,,,,,,,,,,,,,,,,,,,,,,,,,,,,,,,,,,,,,,,,,,,,,,,,,,,
,,,,,,,,,,,,,,,,,,,,,,,,,,,,,,,,,,,,,,,,,,,,,,,,,,,,,,,
,,,,,,,,,,,,,,,,,,,,,,,,,,,,,,,,,,,,,,,,,,,,,,,,,,,,,,,
,,,,,,,,,,,,,,,,,,,,,,,,,,,,,,,,,,,,,,,,,,,,,,,,,,,,,,,
,,,,,,,,,,,,,,,,,,,,,,,,,,,,,,,,,,,,,,,,,,,,,,,,,,,,,,,
,,,,,,,,,,,,,,,,,,,,,,,,,,,,,,,,,,,,,,,,,,,,,,,,,,,,,,,
,,,,,,,,,,,,,,,,,,,,,,,,,,,,,,,,,,,,,,,,,,,,,,,,,,,,,,,
,,,,,,,,,,,,,,,,,,,,,,,,,,,,,,,,,,,,,,,,,,,,,,,,,,,,,,,
,,,,,,,,,,,,,,,,,,,,,,,,,,,,,,,,,,,,,,,,,,,,,,,,,,,,,,,
,,,,,,,,,,,,,,,,,,,,,,,,,,,,,,,,,,,,,,,,,,,,,,,,,,,,,,,
,,,,,,,,,,,,,,,,,,,,,,,,,,,,,,,,,,,,,,,,,,,,,,,,,,,,,,,
,,,,,,,,,,,,,,,,,,,,,,,,,,,,,,,,,,,,,,,,,,,,,,,,,,,,,,,
,,,,,,,,,,,,,,,,,,,,,,,,,,,,,,,,,,,,,,,,,,,,,,,,,,,,,,,
,,,,,,,,,,,,,,,,,,,,,,,,,,,,,,,,,,,,,,,,,,,,,,,,,,,,,,,
,,,,,,,,,,,,,,,,,,,,,,,,,,,,,,,,,,,,,,,,,,,,,,,,,,,,,,,
,,,,,,,,,,,,,,,,,,,,,,,,,,,,,,,,,,,,,,,,,,,,,,,,,,,,,,,
,,,,,,,,,,,,,,,,,,,,,,,,,,,,,,,,,,,,,,,,,,,,,,,,,,,,,,,
,,,,,,,,,,,,,,,,,,,,,,,,,,,,,,,,,,,,,,,,,,,,,,,,,,,,,,,
,,,,,,,,,,,,,,,,,,,,,,,,,,,,,,,,,,,,,,,,,,,,,,,,,,,,,,,
,,,,,,,,,,,,,,,,,,,,,,,,,,,,,,,,,,,,,,,,,,,,,,,,,,,,,,,
,,,,,,,,,,,,,,,,,,,,,,,,,,,,,,,,,,,,,,,,,,,,,,,,,,,,,,,
,,,,,,,,,,,,,,,,,,,,,,,,,,,,,,,,,,,,,,,,,,,,,,,,,,,,,,,
,,,,,,,,,,,,,,,,,,,,,,,,,,,,,,,,,,,,,,,,,,,,,,,,,,,,,,,
,,,,,,,,,,,,,,,,,,,,,,,,,,,,,,,,,,,,,,,,,,,,,,,,,,,,,,,
,,,,,,,,,,,,,,,,,,,,,,,,,,,,,,,,,,,,,,,,,,,,,,,,,,,,,,,
,,,,,,,,,,,,,,,,,,,,,,,,,,,,,,,,,,,,,,,,,,,,,,,,,,,,,,,
,,,,,,,,,,,,,,,,,,,,,,,,,,,,,,,,,,,,,,,,,,,,,,,,,,,,,,,
,,,,,,,,,,,,,,,,,,,,,,,,,,,,,,,,,,,,,,,,,,,,,,,,,,,,,,,
,,,,,,,,,,,,,,,,,,,,,,,,,,,,,,,,,,,,,,,,,,,,,,,,,,,,,,,
,,,,,,,,,,,,,,,,,,,,,,,,,,,,,,,,,,,,,,,,,,,,,,,,,,,,,,,
,,,,,,,,,,,,,,,,,,,,,,,,,,,,,,,,,,,,,,,,,,,,,,,,,,,,,,,
,,,,,,,,,,,,,,,,,,,,,,,,,,,,,,,,,,,,,,,,,,,,,,,,,,,,,,,
,,,,,,,,,,,,,,,,,,,,,,,,,,,,,,,,,,,,,,,,,,,,,,,,,,,,,,,
,,,,,,,,,,,,,,,,,,,,,,,,,,,,,,,,,,,,,,,,,,,,,,,,,,,,,,,
,,,,,,,,,,,,,,,,,,,,,,,,,,,,,,,,,,,,,,,,,,,,,,,,,,,,,,,
,,,,,,,,,,,,,,,,,,,,,,,,,,,,,,,,,,,,,,,,,,,,,,,,,,,,,,,
,,,,,,,,,,,,,,,,,,,,,,,,,,,,,,,,,,,,,,,,,,,,,,,,,,,,,,,
,,,,,,,,,,,,,,,,,,,,,,,,,,,,,,,,,,,,,,,,,,,,,,,,,,,,,,,
,,,,,,,,,,,,,,,,,,,,,,,,,,,,,,,,,,,,,,,,,,,,,,,,,,,,,,,
,,,,,,,,,,,,,,,,,,,,,,,,,,,,,,,,,,,,,,,,,,,,,,,,,,,,,,,
,,,,,,,,,,,,,,,,,,,,,,,,,,,,,,,,,,,,,,,,,,,,,,,,,,,,,,,
,,,,,,,,,,,,,,,,,,,,,,,,,,,,,,,,,,,,,,,,,,,,,,,,,,,,,,,
,,,,,,,,,,,,,,,,,,,,,,,,,,,,,,,,,,,,,,,,,,,,,,,,,,,,,,,
,,,,,,,,,,,,,,,,,,,,,,,,,,,,,,,,,,,,,,,,,,,,,,,,,,,,,,,
,,,,,,,,,,,,,,,,,,,,,,,,,,,,,,,,,,,,,,,,,,,,,,,,,,,,,,,
,,,,,,,,,,,,,,,,,,,,,,,,,,,,,,,,,,,,,,,,,,,,,,,,,,,,,,,
,,,,,,,,,,,,,,,,,,,,,,,,,,,,,,,,,,,,,,,,,,,,,,,,,,,,,,,
,,,,,,,,,,,,,,,,,,,,,,,,,,,,,,,,,,,,,,,,,,,,,,,,,,,,,,,
,,,,,,,,,,,,,,,,,,,,,,,,,,,,,,,,,,,,,,,,,,,,,,,,,,,,,,,
,,,,,,,,,,,,,,,,,,,,,,,,,,,,,,,,,,,,,,,,,,,,,,,,,,,,,,,
,,,,,,,,,,,,,,,,,,,,,,,,,,,,,,,,,,,,,,,,,,,,,,,,,,,,,,,
,,,,,,,,,,,,,,,,,,,,,,,,,,,,,,,,,,,,,,,,,,,,,,,,,,,,,,,
,,,,,,,,,,,,,,,,,,,,,,,,,,,,,,,,,,,,,,,,,,,,,,,,,,,,,,,
,,,,,,,,,,,,,,,,,,,,,,,,,,,,,,,,,,,,,,,,,,,,,,,,,,,,,,,
,,,,,,,,,,,,,,,,,,,,,,,,,,,,,,,,,,,,,,,,,,,,,,,,,,,,,,,
,,,,,,,,,,,,,,,,,,,,,,,,,,,,,,,,,,,,,,,,,,,,,,,,,,,,,,,
,,,,,,,,,,,,,,,,,,,,,,,,,,,,,,,,,,,,,,,,,,,,,,,,,,,,,,,
,,,,,,,,,,,,,,,,,,,,,,,,,,,,,,,,,,,,,,,,,,,,,,,,,,,,,,,
,,,,,,,,,,,,,,,,,,,,,,,,,,,,,,,,,,,,,,,,,,,,,,,,,,,,,,,
,,,,,,,,,,,,,,,,,,,,,,,,,,,,,,,,,,,,,,,,,,,,,,,,,,,,,,,
,,,,,,,,,,,,,,,,,,,,,,,,,,,,,,,,,,,,,,,,,,,,,,,,,,,,,,,
,,,,,,,,,,,,,,,,,,,,,,,,,,,,,,,,,,,,,,,,,,,,,,,,,,,,,,,
,,,,,,,,,,,,,,,,,,,,,,,,,,,,,,,,,,,,,,,,,,,,,,,,,,,,,,,
,,,,,,,,,,,,,,,,,,,,,,,,,,,,,,,,,,,,,,,,,,,,,,,,,,,,,,,
,,,,,,,,,,,,,,,,,,,,,,,,,,,,,,,,,,,,,,,,,,,,,,,,,,,,,,,
,,,,,,,,,,,,,,,,,,,,,,,,,,,,,,,,,,,,,,,,,,,,,,,,,,,,,,,
,,,,,,,,,,,,,,,,,,,,,,,,,,,,,,,,,,,,,,,,,,,,,,,,,,,,,,,
,,,,,,,,,,,,,,,,,,,,,,,,,,,,,,,,,,,,,,,,,,,,,,,,,,,,,,,
,,,,,,,,,,,,,,,,,,,,,,,,,,,,,,,,,,,,,,,,,,,,,,,,,,,,,,,
,,,,,,,,,,,,,,,,,,,,,,,,,,,,,,,,,,,,,,,,,,,,,,,,,,,,,,,
,,,,,,,,,,,,,,,,,,,,,,,,,,,,,,,,,,,,,,,,,,,,,,,,,,,,,,,
,,,,,,,,,,,,,,,,,,,,,,,,,,,,,,,,,,,,,,,,,,,,,,,,,,,,,,,
,,,,,,,,,,,,,,,,,,,,,,,,,,,,,,,,,,,,,,,,,,,,,,,,,,,,,,,
,,,,,,,,,,,,,,,,,,,,,,,,,,,,,,,,,,,,,,,,,,,,,,,,,,,,,,,
,,,,,,,,,,,,,,,,,,,,,,,,,,,,,,,,,,,,,,,,,,,,,,,,,,,,,,,
,,,,,,,,,,,,,,,,,,,,,,,,,,,,,,,,,,,,,,,,,,,,,,,,,,,,,,,
,,,,,,,,,,,,,,,,,,,,,,,,,,,,,,,,,,,,,,,,,,,,,,,,,,,,,,,
,,,,,,,,,,,,,,,,,,,,,,,,,,,,,,,,,,,,,,,,,,,,,,,,,,,,,,,
,,,,,,,,,,,,,,,,,,,,,,,,,,,,,,,,,,,,,,,,,,,,,,,,,,,,,,,
,,,,,,,,,,,,,,,,,,,,,,,,,,,,,,,,,,,,,,,,,,,,,,,,,,,,,,,
,,,,,,,,,,,,,,,,,,,,,,,,,,,,,,,,,,,,,,,,,,,,,,,,,,,,,,,
,,,,,,,,,,,,,,,,,,,,,,,,,,,,,,,,,,,,,,,,,,,,,,,,,,,,,,,
,,,,,,,,,,,,,,,,,,,,,,,,,,,,,,,,,,,,,,,,,,,,,,,,,,,,,,,
,,,,,,,,,,,,,,,,,,,,,,,,,,,,,,,,,,,,,,,,,,,,,,,,,,,,,,,
,,,,,,,,,,,,,,,,,,,,,,,,,,,,,,,,,,,,,,,,,,,,,,,,,,,,,,,
,,,,,,,,,,,,,,,,,,,,,,,,,,,,,,,,,,,,,,,,,,,,,,,,,,,,,,,
,,,,,,,,,,,,,,,,,,,,,,,,,,,,,,,,,,,,,,,,,,,,,,,,,,,,,,,
,,,,,,,,,,,,,,,,,,,,,,,,,,,,,,,,,,,,,,,,,,,,,,,,,,,,,,,
,,,,,,,,,,,,,,,,,,,,,,,,,,,,,,,,,,,,,,,,,,,,,,,,,,,,,,,
,,,,,,,,,,,,,,,,,,,,,,,,,,,,,,,,,,,,,,,,,,,,,,,,,,,,,,,
,,,,,,,,,,,,,,,,,,,,,,,,,,,,,,,,,,,,,,,,,,,,,,,,,,,,,,,
,,,,,,,,,,,,,,,,,,,,,,,,,,,,,,,,,,,,,,,,,,,,,,,,,,,,,,,
,,,,,,,,,,,,,,,,,,,,,,,,,,,,,,,,,,,,,,,,,,,,,,,,,,,,,,,
,,,,,,,,,,,,,,,,,,,,,,,,,,,,,,,,,,,,,,,,,,,,,,,,,,,,,,,
,,,,,,,,,,,,,,,,,,,,,,,,,,,,,,,,,,,,,,,,,,,,,,,,,,,,,,,
,,,,,,,,,,,,,,,,,,,,,,,,,,,,,,,,,,,,,,,,,,,,,,,,,,,,,,,
,,,,,,,,,,,,,,,,,,,,,,,,,,,,,,,,,,,,,,,,,,,,,,,,,,,,,,,
,,,,,,,,,,,,,,,,,,,,,,,,,,,,,,,,,,,,,,,,,,,,,,,,,,,,,,,
,,,,,,,,,,,,,,,,,,,,,,,,,,,,,,,,,,,,,,,,,,,,,,,,,,,,,,,
,,,,,,,,,,,,,,,,,,,,,,,,,,,,,,,,,,,,,,,,,,,,,,,,,,,,,,,
,,,,,,,,,,,,,,,,,,,,,,,,,,,,,,,,,,,,,,,,,,,,,,,,,,,,,,,
,,,,,,,,,,,,,,,,,,,,,,,,,,,,,,,,,,,,,,,,,,,,,,,,,,,,,,,
,,,,,,,,,,,,,,,,,,,,,,,,,,,,,,,,,,,,,,,,,,,,,,,,,,,,,,,
,,,,,,,,,,,,,,,,,,,,,,,,,,,,,,,,,,,,,,,,,,,,,,,,,,,,,,,
,,,,,,,,,,,,,,,,,,,,,,,,,,,,,,,,,,,,,,,,,,,,,,,,,,,,,,,
,,,,,,,,,,,,,,,,,,,,,,,,,,,,,,,,,,,,,,,,,,,,,,,,,,,,,,,
,,,,,,,,,,,,,,,,,,,,,,,,,,,,,,,,,,,,,,,,,,,,,,,,,,,,,,,
,,,,,,,,,,,,,,,,,,,,,,,,,,,,,,,,,,,,,,,,,,,,,,,,,,,,,,,
,,,,,,,,,,,,,,,,,,,,,,,,,,,,,,,,,,,,,,,,,,,,,,,,,,,,,,,
,,,,,,,,,,,,,,,,,,,,,,,,,,,,,,,,,,,,,,,,,,,,,,,,,,,,,,,
,,,,,,,,,,,,,,,,,,,,,,,,,,,,,,,,,,,,,,,,,,,,,,,,,,,,,,,
,,,,,,,,,,,,,,,,,,,,,,,,,,,,,,,,,,,,,,,,,,,,,,,,,,,,,,,
,,,,,,,,,,,,,,,,,,,,,,,,,,,,,,,,,,,,,,,,,,,,,,,,,,,,,,,
,,,,,,,,,,,,,,,,,,,,,,,,,,,,,,,,,,,,,,,,,,,,,,,,,,,,,,,
,,,,,,,,,,,,,,,,,,,,,,,,,,,,,,,,,,,,,,,,,,,,,,,,,,,,,,,
,,,,,,,,,,,,,,,,,,,,,,,,,,,,,,,,,,,,,,,,,,,,,,,,,,,,,,,
,,,,,,,,,,,,,,,,,,,,,,,,,,,,,,,,,,,,,,,,,,,,,,,,,,,,,,,
,,,,,,,,,,,,,,,,,,,,,,,,,,,,,,,,,,,,,,,,,,,,,,,,,,,,,,,
,,,,,,,,,,,,,,,,,,,,,,,,,,,,,,,,,,,,,,,,,,,,,,,,,,,,,,,
,,,,,,,,,,,,,,,,,,,,,,,,,,,,,,,,,,,,,,,,,,,,,,,,,,,,,,,
,,,,,,,,,,,,,,,,,,,,,,,,,,,,,,,,,,,,,,,,,,,,,,,,,,,,,,,
,,,,,,,,,,,,,,,,,,,,,,,,,,,,,,,,,,,,,,,,,,,,,,,,,,,,,,,
,,,,,,,,,,,,,,,,,,,,,,,,,,,,,,,,,,,,,,,,,,,,,,,,,,,,,,,
,,,,,,,,,,,,,,,,,,,,,,,,,,,,,,,,,,,,,,,,,,,,,,,,,,,,,,,
,,,,,,,,,,,,,,,,,,,,,,,,,,,,,,,,,,,,,,,,,,,,,,,,,,,,,,,
,,,,,,,,,,,,,,,,,,,,,,,,,,,,,,,,,,,,,,,,,,,,,,,,,,,,,,,
,,,,,,,,,,,,,,,,,,,,,,,,,,,,,,,,,,,,,,,,,,,,,,,,,,,,,,,
,,,,,,,,,,,,,,,,,,,,,,,,,,,,,,,,,,,,,,,,,,,,,,,,,,,,,,,
,,,,,,,,,,,,,,,,,,,,,,,,,,,,,,,,,,,,,,,,,,,,,,,,,,,,,,,
,,,,,,,,,,,,,,,,,,,,,,,,,,,,,,,,,,,,,,,,,,,,,,,,,,,,,,,
,,,,,,,,,,,,,,,,,,,,,,,,,,,,,,,,,,,,,,,,,,,,,,,,,,,,,,,
,,,,,,,,,,,,,,,,,,,,,,,,,,,,,,,,,,,,,,,,,,,,,,,,,,,,,,,
,,,,,,,,,,,,,,,,,,,,,,,,,,,,,,,,,,,,,,,,,,,,,,,,,,,,,,,
,,,,,,,,,,,,,,,,,,,,,,,,,,,,,,,,,,,,,,,,,,,,,,,,,,,,,,,
,,,,,,,,,,,,,,,,,,,,,,,,,,,,,,,,,,,,,,,,,,,,,,,,,,,,,,,
,,,,,,,,,,,,,,,,,,,,,,,,,,,,,,,,,,,,,,,,,,,,,,,,,,,,,,,
,,,,,,,,,,,,,,,,,,,,,,,,,,,,,,,,,,,,,,,,,,,,,,,,,,,,,,,
,,,,,,,,,,,,,,,,,,,,,,,,,,,,,,,,,,,,,,,,,,,,,,,,,,,,,,,
,,,,,,,,,,,,,,,,,,,,,,,,,,,,,,,,,,,,,,,,,,,,,,,,,,,,,,,
,,,,,,,,,,,,,,,,,,,,,,,,,,,,,,,,,,,,,,,,,,,,,,,,,,,,,,,
,,,,,,,,,,,,,,,,,,,,,,,,,,,,,,,,,,,,,,,,,,,,,,,,,,,,,,,
,,,,,,,,,,,,,,,,,,,,,,,,,,,,,,,,,,,,,,,,,,,,,,,,,,,,,,,
,,,,,,,,,,,,,,,,,,,,,,,,,,,,,,,,,,,,,,,,,,,,,,,,,,,,,,,
,,,,,,,,,,,,,,,,,,,,,,,,,,,,,,,,,,,,,,,,,,,,,,,,,,,,,,,
,,,,,,,,,,,,,,,,,,,,,,,,,,,,,,,,,,,,,,,,,,,,,,,,,,,,,,,
,,,,,,,,,,,,,,,,,,,,,,,,,,,,,,,,,,,,,,,,,,,,,,,,,,,,,,,
,,,,,,,,,,,,,,,,,,,,,,,,,,,,,,,,,,,,,,,,,,,,,,,,,,,,,,,
,,,,,,,,,,,,,,,,,,,,,,,,,,,,,,,,,,,,,,,,,,,,,,,,,,,,,,,
,,,,,,,,,,,,,,,,,,,,,,,,,,,,,,,,,,,,,,,,,,,,,,,,,,,,,,,
,,,,,,,,,,,,,,,,,,,,,,,,,,,,,,,,,,,,,,,,,,,,,,,,,,,,,,,
,,,,,,,,,,,,,,,,,,,,,,,,,,,,,,,,,,,,,,,,,,,,,,,,,,,,,,,
,,,,,,,,,,,,,,,,,,,,,,,,,,,,,,,,,,,,,,,,,,,,,,,,,,,,,,,
,,,,,,,,,,,,,,,,,,,,,,,,,,,,,,,,,,,,,,,,,,,,,,,,,,,,,,,
,,,,,,,,,,,,,,,,,,,,,,,,,,,,,,,,,,,,,,,,,,,,,,,,,,,,,,,
,,,,,,,,,,,,,,,,,,,,,,,,,,,,,,,,,,,,,,,,,,,,,,,,,,,,,,,
,,,,,,,,,,,,,,,,,,,,,,,,,,,,,,,,,,,,,,,,,,,,,,,,,,,,,,,
,,,,,,,,,,,,,,,,,,,,,,,,,,,,,,,,,,,,,,,,,,,,,,,,,,,,,,,
,,,,,,,,,,,,,,,,,,,,,,,,,,,,,,,,,,,,,,,,,,,,,,,,,,,,,,,
,,,,,,,,,,,,,,,,,,,,,,,,,,,,,,,,,,,,,,,,,,,,,,,,,,,,,,,
,,,,,,,,,,,,,,,,,,,,,,,,,,,,,,,,,,,,,,,,,,,,,,,,,,,,,,,
,,,,,,,,,,,,,,,,,,,,,,,,,,,,,,,,,,,,,,,,,,,,,,,,,,,,,,,
,,,,,,,,,,,,,,,,,,,,,,,,,,,,,,,,,,,,,,,,,,,,,,,,,,,,,,,
,,,,,,,,,,,,,,,,,,,,,,,,,,,,,,,,,,,,,,,,,,,,,,,,,,,,,,,
,,,,,,,,,,,,,,,,,,,,,,,,,,,,,,,,,,,,,,,,,,,,,,,,,,,,,,,
,,,,,,,,,,,,,,,,,,,,,,,,,,,,,,,,,,,,,,,,,,,,,,,,,,,,,,,
,,,,,,,,,,,,,,,,,,,,,,,,,,,,,,,,,,,,,,,,,,,,,,,,,,,,,,,
,,,,,,,,,,,,,,,,,,,,,,,,,,,,,,,,,,,,,,,,,,,,,,,,,,,,,,,
,,,,,,,,,,,,,,,,,,,,,,,,,,,,,,,,,,,,,,,,,,,,,,,,,,,,,,,
,,,,,,,,,,,,,,,,,,,,,,,,,,,,,,,,,,,,,,,,,,,,,,,,,,,,,,,
,,,,,,,,,,,,,,,,,,,,,,,,,,,,,,,,,,,,,,,,,,,,,,,,,,,,,,,
,,,,,,,,,,,,,,,,,,,,,,,,,,,,,,,,,,,,,,,,,,,,,,,,,,,,,,,
,,,,,,,,,,,,,,,,,,,,,,,,,,,,,,,,,,,,,,,,,,,,,,,,,,,,,,,
,,,,,,,,,,,,,,,,,,,,,,,,,,,,,,,,,,,,,,,,,,,,,,,,,,,,,,,
,,,,,,,,,,,,,,,,,,,,,,,,,,,,,,,,,,,,,,,,,,,,,,,,,,,,,,,
,,,,,,,,,,,,,,,,,,,,,,,,,,,,,,,,,,,,,,,,,,,,,,,,,,,,,,,
,,,,,,,,,,,,,,,,,,,,,,,,,,,,,,,,,,,,,,,,,,,,,,,,,,,,,,,
,,,,,,,,,,,,,,,,,,,,,,,,,,,,,,,,,,,,,,,,,,,,,,,,,,,,,,,
,,,,,,,,,,,,,,,,,,,,,,,,,,,,,,,,,,,,,,,,,,,,,,,,,,,,,,,
,,,,,,,,,,,,,,,,,,,,,,,,,,,,,,,,,,,,,,,,,,,,,,,,,,,,,,,
,,,,,,,,,,,,,,,,,,,,,,,,,,,,,,,,,,,,,,,,,,,,,,,,,,,,,,,
,,,,,,,,,,,,,,,,,,,,,,,,,,,,,,,,,,,,,,,,,,,,,,,,,,,,,,,
,,,,,,,,,,,,,,,,,,,,,,,,,,,,,,,,,,,,,,,,,,,,,,,,,,,,,,,
,,,,,,,,,,,,,,,,,,,,,,,,,,,,,,,,,,,,,,,,,,,,,,,,,,,,,,,
,,,,,,,,,,,,,,,,,,,,,,,,,,,,,,,,,,,,,,,,,,,,,,,,,,,,,,,
,,,,,,,,,,,,,,,,,,,,,,,,,,,,,,,,,,,,,,,,,,,,,,,,,,,,,,,
,,,,,,,,,,,,,,,,,,,,,,,,,,,,,,,,,,,,,,,,,,,,,,,,,,,,,,,
,,,,,,,,,,,,,,,,,,,,,,,,,,,,,,,,,,,,,,,,,,,,,,,,,,,,,,,
,,,,,,,,,,,,,,,,,,,,,,,,,,,,,,,,,,,,,,,,,,,,,,,,,,,,,,,
,,,,,,,,,,,,,,,,,,,,,,,,,,,,,,,,,,,,,,,,,,,,,,,,,,,,,,,
,,,,,,,,,,,,,,,,,,,,,,,,,,,,,,,,,,,,,,,,,,,,,,,,,,,,,,,
,,,,,,,,,,,,,,,,,,,,,,,,,,,,,,,,,,,,,,,,,,,,,,,,,,,,,,,
,,,,,,,,,,,,,,,,,,,,,,,,,,,,,,,,,,,,,,,,,,,,,,,,,,,,,,,
,,,,,,,,,,,,,,,,,,,,,,,,,,,,,,,,,,,,,,,,,,,,,,,,,,,,,,,
,,,,,,,,,,,,,,,,,,,,,,,,,,,,,,,,,,,,,,,,,,,,,,,,,,,,,,,
,,,,,,,,,,,,,,,,,,,,,,,,,,,,,,,,,,,,,,,,,,,,,,,,,,,,,,,
,,,,,,,,,,,,,,,,,,,,,,,,,,,,,,,,,,,,,,,,,,,,,,,,,,,,,,,
,,,,,,,,,,,,,,,,,,,,,,,,,,,,,,,,,,,,,,,,,,,,,,,,,,,,,,,
,,,,,,,,,,,,,,,,,,,,,,,,,,,,,,,,,,,,,,,,,,,,,,,,,,,,,,,
,,,,,,,,,,,,,,,,,,,,,,,,,,,,,,,,,,,,,,,,,,,,,,,,,,,,,,,
,,,,,,,,,,,,,,,,,,,,,,,,,,,,,,,,,,,,,,,,,,,,,,,,,,,,,,,
,,,,,,,,,,,,,,,,,,,,,,,,,,,,,,,,,,,,,,,,,,,,,,,,,,,,,,,
,,,,,,,,,,,,,,,,,,,,,,,,,,,,,,,,,,,,,,,,,,,,,,,,,,,,,,,
,,,,,,,,,,,,,,,,,,,,,,,,,,,,,,,,,,,,,,,,,,,,,,,,,,,,,,,
,,,,,,,,,,,,,,,,,,,,,,,,,,,,,,,,,,,,,,,,,,,,,,,,,,,,,,,
,,,,,,,,,,,,,,,,,,,,,,,,,,,,,,,,,,,,,,,,,,,,,,,,,,,,,,,
,,,,,,,,,,,,,,,,,,,,,,,,,,,,,,,,,,,,,,,,,,,,,,,,,,,,,,,
,,,,,,,,,,,,,,,,,,,,,,,,,,,,,,,,,,,,,,,,,,,,,,,,,,,,,,,
,,,,,,,,,,,,,,,,,,,,,,,,,,,,,,,,,,,,,,,,,,,,,,,,,,,,,,,
,,,,,,,,,,,,,,,,,,,,,,,,,,,,,,,,,,,,,,,,,,,,,,,,,,,,,,,
,,,,,,,,,,,,,,,,,,,,,,,,,,,,,,,,,,,,,,,,,,,,,,,,,,,,,,,
,,,,,,,,,,,,,,,,,,,,,,,,,,,,,,,,,,,,,,,,,,,,,,,,,,,,,,,
,,,,,,,,,,,,,,,,,,,,,,,,,,,,,,,,,,,,,,,,,,,,,,,,,,,,,,,
,,,,,,,,,,,,,,,,,,,,,,,,,,,,,,,,,,,,,,,,,,,,,,,,,,,,,,,
,,,,,,,,,,,,,,,,,,,,,,,,,,,,,,,,,,,,,,,,,,,,,,,,,,,,,,,
,,,,,,,,,,,,,,,,,,,,,,,,,,,,,,,,,,,,,,,,,,,,,,,,,,,,,,,
,,,,,,,,,,,,,,,,,,,,,,,,,,,,,,,,,,,,,,,,,,,,,,,,,,,,,,,
,,,,,,,,,,,,,,,,,,,,,,,,,,,,,,,,,,,,,,,,,,,,,,,,,,,,,,,
,,,,,,,,,,,,,,,,,,,,,,,,,,,,,,,,,,,,,,,,,,,,,,,,,,,,,,,
,,,,,,,,,,,,,,,,,,,,,,,,,,,,,,,,,,,,,,,,,,,,,,,,,,,,,,,
,,,,,,,,,,,,,,,,,,,,,,,,,,,,,,,,,,,,,,,,,,,,,,,,,,,,,,,
,,,,,,,,,,,,,,,,,,,,,,,,,,,,,,,,,,,,,,,,,,,,,,,,,,,,,,,
,,,,,,,,,,,,,,,,,,,,,,,,,,,,,,,,,,,,,,,,,,,,,,,,,,,,,,,
,,,,,,,,,,,,,,,,,,,,,,,,,,,,,,,,,,,,,,,,,,,,,,,,,,,,,,,
,,,,,,,,,,,,,,,,,,,,,,,,,,,,,,,,,,,,,,,,,,,,,,,,,,,,,,,
,,,,,,,,,,,,,,,,,,,,,,,,,,,,,,,,,,,,,,,,,,,,,,,,,,,,,,,
,,,,,,,,,,,,,,,,,,,,,,,,,,,,,,,,,,,,,,,,,,,,,,,,,,,,,,,
,,,,,,,,,,,,,,,,,,,,,,,,,,,,,,,,,,,,,,,,,,,,,,,,,,,,,,,
,,,,,,,,,,,,,,,,,,,,,,,,,,,,,,,,,,,,,,,,,,,,,,,,,,,,,,,
,,,,,,,,,,,,,,,,,,,,,,,,,,,,,,,,,,,,,,,,,,,,,,,,,,,,,,,
,,,,,,,,,,,,,,,,,,,,,,,,,,,,,,,,,,,,,,,,,,,,,,,,,,,,,,,
,,,,,,,,,,,,,,,,,,,,,,,,,,,,,,,,,,,,,,,,,,,,,,,,,,,,,,,
,,,,,,,,,,,,,,,,,,,,,,,,,,,,,,,,,,,,,,,,,,,,,,,,,,,,,,,
,,,,,,,,,,,,,,,,,,,,,,,,,,,,,,,,,,,,,,,,,,,,,,,,,,,,,,,
,,,,,,,,,,,,,,,,,,,,,,,,,,,,,,,,,,,,,,,,,,,,,,,,,,,,,,,
,,,,,,,,,,,,,,,,,,,,,,,,,,,,,,,,,,,,,,,,,,,,,,,,,,,,,,,
,,,,,,,,,,,,,,,,,,,,,,,,,,,,,,,,,,,,,,,,,,,,,,,,,,,,,,,
,,,,,,,,,,,,,,,,,,,,,,,,,,,,,,,,,,,,,,,,,,,,,,,,,,,,,,,
,,,,,,,,,,,,,,,,,,,,,,,,,,,,,,,,,,,,,,,,,,,,,,,,,,,,,,,
,,,,,,,,,,,,,,,,,,,,,,,,,,,,,,,,,,,,,,,,,,,,,,,,,,,,,,,
,,,,,,,,,,,,,,,,,,,,,,,,,,,,,,,,,,,,,,,,,,,,,,,,,,,,,,,
,,,,,,,,,,,,,,,,,,,,,,,,,,,,,,,,,,,,,,,,,,,,,,,,,,,,,,,
,,,,,,,,,,,,,,,,,,,,,,,,,,,,,,,,,,,,,,,,,,,,,,,,,,,,,,,
,,,,,,,,,,,,,,,,,,,,,,,,,,,,,,,,,,,,,,,,,,,,,,,,,,,,,,,
,,,,,,,,,,,,,,,,,,,,,,,,,,,,,,,,,,,,,,,,,,,,,,,,,,,,,,,
,,,,,,,,,,,,,,,,,,,,,,,,,,,,,,,,,,,,,,,,,,,,,,,,,,,,,,,
,,,,,,,,,,,,,,,,,,,,,,,,,,,,,,,,,,,,,,,,,,,,,,,,,,,,,,,
,,,,,,,,,,,,,,,,,,,,,,,,,,,,,,,,,,,,,,,,,,,,,,,,,,,,,,,
,,,,,,,,,,,,,,,,,,,,,,,,,,,,,,,,,,,,,,,,,,,,,,,,,,,,,,,
,,,,,,,,,,,,,,,,,,,,,,,,,,,,,,,,,,,,,,,,,,,,,,,,,,,,,,,
,,,,,,,,,,,,,,,,,,,,,,,,,,,,,,,,,,,,,,,,,,,,,,,,,,,,,,,
,,,,,,,,,,,,,,,,,,,,,,,,,,,,,,,,,,,,,,,,,,,,,,,,,,,,,,,
,,,,,,,,,,,,,,,,,,,,,,,,,,,,,,,,,,,,,,,,,,,,,,,,,,,,,,,
,,,,,,,,,,,,,,,,,,,,,,,,,,,,,,,,,,,,,,,,,,,,,,,,,,,,,,,
,,,,,,,,,,,,,,,,,,,,,,,,,,,,,,,,,,,,,,,,,,,,,,,,,,,,,,,
,,,,,,,,,,,,,,,,,,,,,,,,,,,,,,,,,,,,,,,,,,,,,,,,,,,,,,,
,,,,,,,,,,,,,,,,,,,,,,,,,,,,,,,,,,,,,,,,,,,,,,,,,,,,,,,
,,,,,,,,,,,,,,,,,,,,,,,,,,,,,,,,,,,,,,,,,,,,,,,,,,,,,,,
,,,,,,,,,,,,,,,,,,,,,,,,,,,,,,,,,,,,,,,,,,,,,,,,,,,,,,,
,,,,,,,,,,,,,,,,,,,,,,,,,,,,,,,,,,,,,,,,,,,,,,,,,,,,,,,
,,,,,,,,,,,,,,,,,,,,,,,,,,,,,,,,,,,,,,,,,,,,,,,,,,,,,,,
,,,,,,,,,,,,,,,,,,,,,,,,,,,,,,,,,,,,,,,,,,,,,,,,,,,,,,,
,,,,,,,,,,,,,,,,,,,,,,,,,,,,,,,,,,,,,,,,,,,,,,,,,,,,,,,
,,,,,,,,,,,,,,,,,,,,,,,,,,,,,,,,,,,,,,,,,,,,,,,,,,,,,,,
,,,,,,,,,,,,,,,,,,,,,,,,,,,,,,,,,,,,,,,,,,,,,,,,,,,,,,,
,,,,,,,,,,,,,,,,,,,,,,,,,,,,,,,,,,,,,,,,,,,,,,,,,,,,,,,
,,,,,,,,,,,,,,,,,,,,,,,,,,,,,,,,,,,,,,,,,,,,,,,,,,,,,,,
,,,,,,,,,,,,,,,,,,,,,,,,,,,,,,,,,,,,,,,,,,,,,,,,,,,,,,,
,,,,,,,,,,,,,,,,,,,,,,,,,,,,,,,,,,,,,,,,,,,,,,,,,,,,,,,
,,,,,,,,,,,,,,,,,,,,,,,,,,,,,,,,,,,,,,,,,,,,,,,,,,,,,,,
,,,,,,,,,,,,,,,,,,,,,,,,,,,,,,,,,,,,,,,,,,,,,,,,,,,,,,,
,,,,,,,,,,,,,,,,,,,,,,,,,,,,,,,,,,,,,,,,,,,,,,,,,,,,,,,
,,,,,,,,,,,,,,,,,,,,,,,,,,,,,,,,,,,,,,,,,,,,,,,,,,,,,,,
,,,,,,,,,,,,,,,,,,,,,,,,,,,,,,,,,,,,,,,,,,,,,,,,,,,,,,,
,,,,,,,,,,,,,,,,,,,,,,,,,,,,,,,,,,,,,,,,,,,,,,,,,,,,,,,
,,,,,,,,,,,,,,,,,,,,,,,,,,,,,,,,,,,,,,,,,,,,,,,,,,,,,,,
,,,,,,,,,,,,,,,,,,,,,,,,,,,,,,,,,,,,,,,,,,,,,,,,,,,,,,,
,,,,,,,,,,,,,,,,,,,,,,,,,,,,,,,,,,,,,,,,,,,,,,,,,,,,,,,
,,,,,,,,,,,,,,,,,,,,,,,,,,,,,,,,,,,,,,,,,,,,,,,,,,,,,,,
,,,,,,,,,,,,,,,,,,,,,,,,,,,,,,,,,,,,,,,,,,,,,,,,,,,,,,,
,,,,,,,,,,,,,,,,,,,,,,,,,,,,,,,,,,,,,,,,,,,,,,,,,,,,,,,
,,,,,,,,,,,,,,,,,,,,,,,,,,,,,,,,,,,,,,,,,,,,,,,,,,,,,,,
,,,,,,,,,,,,,,,,,,,,,,,,,,,,,,,,,,,,,,,,,,,,,,,,,,,,,,,
,,,,,,,,,,,,,,,,,,,,,,,,,,,,,,,,,,,,,,,,,,,,,,,,,,,,,,,
,,,,,,,,,,,,,,,,,,,,,,,,,,,,,,,,,,,,,,,,,,,,,,,,,,,,,,,
,,,,,,,,,,,,,,,,,,,,,,,,,,,,,,,,,,,,,,,,,,,,,,,,,,,,,,,
,,,,,,,,,,,,,,,,,,,,,,,,,,,,,,,,,,,,,,,,,,,,,,,,,,,,,,,
,,,,,,,,,,,,,,,,,,,,,,,,,,,,,,,,,,,,,,,,,,,,,,,,,,,,,,,
,,,,,,,,,,,,,,,,,,,,,,,,,,,,,,,,,,,,,,,,,,,,,,,,,,,,,,,
,,,,,,,,,,,,,,,,,,,,,,,,,,,,,,,,,,,,,,,,,,,,,,,,,,,,,,,
,,,,,,,,,,,,,,,,,,,,,,,,,,,,,,,,,,,,,,,,,,,,,,,,,,,,,,,
,,,,,,,,,,,,,,,,,,,,,,,,,,,,,,,,,,,,,,,,,,,,,,,,,,,,,,,
,,,,,,,,,,,,,,,,,,,,,,,,,,,,,,,,,,,,,,,,,,,,,,,,,,,,,,,
,,,,,,,,,,,,,,,,,,,,,,,,,,,,,,,,,,,,,,,,,,,,,,,,,,,,,,,
,,,,,,,,,,,,,,,,,,,,,,,,,,,,,,,,,,,,,,,,,,,,,,,,,,,,,,,
,,,,,,,,,,,,,,,,,,,,,,,,,,,,,,,,,,,,,,,,,,,,,,,,,,,,,,,
,,,,,,,,,,,,,,,,,,,,,,,,,,,,,,,,,,,,,,,,,,,,,,,,,,,,,,,
,,,,,,,,,,,,,,,,,,,,,,,,,,,,,,,,,,,,,,,,,,,,,,,,,,,,,,,
,,,,,,,,,,,,,,,,,,,,,,,,,,,,,,,,,,,,,,,,,,,,,,,,,,,,,,,
,,,,,,,,,,,,,,,,,,,,,,,,,,,,,,,,,,,,,,,,,,,,,,,,,,,,,,,
,,,,,,,,,,,,,,,,,,,,,,,,,,,,,,,,,,,,,,,,,,,,,,,,,,,,,,,
,,,,,,,,,,,,,,,,,,,,,,,,,,,,,,,,,,,,,,,,,,,,,,,,,,,,,,,
,,,,,,,,,,,,,,,,,,,,,,,,,,,,,,,,,,,,,,,,,,,,,,,,,,,,,,,
,,,,,,,,,,,,,,,,,,,,,,,,,,,,,,,,,,,,,,,,,,,,,,,,,,,,,,,
,,,,,,,,,,,,,,,,,,,,,,,,,,,,,,,,,,,,,,,,,,,,,,,,,,,,,,,
,,,,,,,,,,,,,,,,,,,,,,,,,,,,,,,,,,,,,,,,,,,,,,,,,,,,,,,
,,,,,,,,,,,,,,,,,,,,,,,,,,,,,,,,,,,,,,,,,,,,,,,,,,,,,,,
,,,,,,,,,,,,,,,,,,,,,,,,,,,,,,,,,,,,,,,,,,,,,,,,,,,,,,,
,,,,,,,,,,,,,,,,,,,,,,,,,,,,,,,,,,,,,,,,,,,,,,,,,,,,,,,
,,,,,,,,,,,,,,,,,,,,,,,,,,,,,,,,,,,,,,,,,,,,,,,,,,,,,,,
,,,,,,,,,,,,,,,,,,,,,,,,,,,,,,,,,,,,,,,,,,,,,,,,,,,,,,,
,,,,,,,,,,,,,,,,,,,,,,,,,,,,,,,,,,,,,,,,,,,,,,,,,,,,,,,
,,,,,,,,,,,,,,,,,,,,,,,,,,,,,,,,,,,,,,,,,,,,,,,,,,,,,,,
,,,,,,,,,,,,,,,,,,,,,,,,,,,,,,,,,,,,,,,,,,,,,,,,,,,,,,,
,,,,,,,,,,,,,,,,,,,,,,,,,,,,,,,,,,,,,,,,,,,,,,,,,,,,,,,
,,,,,,,,,,,,,,,,,,,,,,,,,,,,,,,,,,,,,,,,,,,,,,,,,,,,,,,
,,,,,,,,,,,,,,,,,,,,,,,,,,,,,,,,,,,,,,,,,,,,,,,,,,,,,,,
,,,,,,,,,,,,,,,,,,,,,,,,,,,,,,,,,,,,,,,,,,,,,,,,,,,,,,,
,,,,,,,,,,,,,,,,,,,,,,,,,,,,,,,,,,,,,,,,,,,,,,,,,,,,,,,
,,,,,,,,,,,,,,,,,,,,,,,,,,,,,,,,,,,,,,,,,,,,,,,,,,,,,,,
,,,,,,,,,,,,,,,,,,,,,,,,,,,,,,,,,,,,,,,,,,,,,,,,,,,,,,,
,,,,,,,,,,,,,,,,,,,,,,,,,,,,,,,,,,,,,,,,,,,,,,,,,,,,,,,
,,,,,,,,,,,,,,,,,,,,,,,,,,,,,,,,,,,,,,,,,,,,,,,,,,,,,,,
,,,,,,,,,,,,,,,,,,,,,,,,,,,,,,,,,,,,,,,,,,,,,,,,,,,,,,,
,,,,,,,,,,,,,,,,,,,,,,,,,,,,,,,,,,,,,,,,,,,,,,,,,,,,,,,
,,,,,,,,,,,,,,,,,,,,,,,,,,,,,,,,,,,,,,,,,,,,,,,,,,,,,,,
,,,,,,,,,,,,,,,,,,,,,,,,,,,,,,,,,,,,,,,,,,,,,,,,,,,,,,,
,,,,,,,,,,,,,,,,,,,,,,,,,,,,,,,,,,,,,,,,,,,,,,,,,,,,,,,
,,,,,,,,,,,,,,,,,,,,,,,,,,,,,,,,,,,,,,,,,,,,,,,,,,,,,,,
,,,,,,,,,,,,,,,,,,,,,,,,,,,,,,,,,,,,,,,,,,,,,,,,,,,,,,,
,,,,,,,,,,,,,,,,,,,,,,,,,,,,,,,,,,,,,,,,,,,,,,,,,,,,,,,
,,,,,,,,,,,,,,,,,,,,,,,,,,,,,,,,,,,,,,,,,,,,,,,,,,,,,,,
,,,,,,,,,,,,,,,,,,,,,,,,,,,,,,,,,,,,,,,,,,,,,,,,,,,,,,,
,,,,,,,,,,,,,,,,,,,,,,,,,,,,,,,,,,,,,,,,,,,,,,,,,,,,,,,
,,,,,,,,,,,,,,,,,,,,,,,,,,,,,,,,,,,,,,,,,,,,,,,,,,,,,,,
,,,,,,,,,,,,,,,,,,,,,,,,,,,,,,,,,,,,,,,,,,,,,,,,,,,,,,,
,,,,,,,,,,,,,,,,,,,,,,,,,,,,,,,,,,,,,,,,,,,,,,,,,,,,,,,
,,,,,,,,,,,,,,,,,,,,,,,,,,,,,,,,,,,,,,,,,,,,,,,,,,,,,,,
,,,,,,,,,,,,,,,,,,,,,,,,,,,,,,,,,,,,,,,,,,,,,,,,,,,,,,,
,,,,,,,,,,,,,,,,,,,,,,,,,,,,,,,,,,,,,,,,,,,,,,,,,,,,,,,
,,,,,,,,,,,,,,,,,,,,,,,,,,,,,,,,,,,,,,,,,,,,,,,,,,,,,,,
,,,,,,,,,,,,,,,,,,,,,,,,,,,,,,,,,,,,,,,,,,,,,,,,,,,,,,,
,,,,,,,,,,,,,,,,,,,,,,,,,,,,,,,,,,,,,,,,,,,,,,,,,,,,,,,
,,,,,,,,,,,,,,,,,,,,,,,,,,,,,,,,,,,,,,,,,,,,,,,,,,,,,,,
,,,,,,,,,,,,,,,,,,,,,,,,,,,,,,,,,,,,,,,,,,,,,,,,,,,,,,,
,,,,,,,,,,,,,,,,,,,,,,,,,,,,,,,,,,,,,,,,,,,,,,,,,,,,,,,
,,,,,,,,,,,,,,,,,,,,,,,,,,,,,,,,,,,,,,,,,,,,,,,,,,,,,,,
,,,,,,,,,,,,,,,,,,,,,,,,,,,,,,,,,,,,,,,,,,,,,,,,,,,,,,,
,,,,,,,,,,,,,,,,,,,,,,,,,,,,,,,,,,,,,,,,,,,,,,,,,,,,,,,
,,,,,,,,,,,,,,,,,,,,,,,,,,,,,,,,,,,,,,,,,,,,,,,,,,,,,,,
,,,,,,,,,,,,,,,,,,,,,,,,,,,,,,,,,,,,,,,,,,,,,,,,,,,,,,,
,,,,,,,,,,,,,,,,,,,,,,,,,,,,,,,,,,,,,,,,,,,,,,,,,,,,,,,
,,,,,,,,,,,,,,,,,,,,,,,,,,,,,,,,,,,,,,,,,,,,,,,,,,,,,,,
,,,,,,,,,,,,,,,,,,,,,,,,,,,,,,,,,,,,,,,,,,,,,,,,,,,,,,,
,,,,,,,,,,,,,,,,,,,,,,,,,,,,,,,,,,,,,,,,,,,,,,,,,,,,,,,
,,,,,,,,,,,,,,,,,,,,,,,,,,,,,,,,,,,,,,,,,,,,,,,,,,,,,,,
,,,,,,,,,,,,,,,,,,,,,,,,,,,,,,,,,,,,,,,,,,,,,,,,,,,,,,,
,,,,,,,,,,,,,,,,,,,,,,,,,,,,,,,,,,,,,,,,,,,,,,,,,,,,,,,
,,,,,,,,,,,,,,,,,,,,,,,,,,,,,,,,,,,,,,,,,,,,,,,,,,,,,,,
,,,,,,,,,,,,,,,,,,,,,,,,,,,,,,,,,,,,,,,,,,,,,,,,,,,,,,,
,,,,,,,,,,,,,,,,,,,,,,,,,,,,,,,,,,,,,,,,,,,,,,,,,,,,,,,
,,,,,,,,,,,,,,,,,,,,,,,,,,,,,,,,,,,,,,,,,,,,,,,,,,,,,,,
,,,,,,,,,,,,,,,,,,,,,,,,,,,,,,,,,,,,,,,,,,,,,,,,,,,,,,,
,,,,,,,,,,,,,,,,,,,,,,,,,,,,,,,,,,,,,,,,,,,,,,,,,,,,,,,
