id,report_year,metric_id,value,value_text,is_adjusted,adjustment_note
1,2024,1,7232.0,,False,
2,2024,2,19800.0,,False,
3,2024,3,7.0,,False,
4,2024,4,13.0,,False,
5,2024,5,,Yes,False,
6,2024,6,1.0,,False,
7,2024,7,214.0,,False,
8,2023,1,4160.0,,False,
9,2023,2,15608.0,,False,
10,2023,3,7.0,,False,
11,2023,4,11.0,,False,
12,2023,5,,Yes,False,
13,2023,6,1.0,,False,
14,2023,7,221.0,,False,
15,2022,1,4160.0,,False,
16,2022,2,15608.0,,False,
17,2022,3,10.0,,False,
18,2022,4,8.0,,False,
19,2022,5,,Yes,False,
20,2022,6,1.0,,False,
21,2022,7,230.0,,False,
22,2021,1,0.0,,False,
23,2021,2,7498.0,,False,
24,2021,3,10.0,,False,
25,2021,4,7.0,,False,
26,2021,5,,Yes,False,
27,2021,6,1.0,,False,
28,2021,7,220.0,,False,
29,2020,1,4401.0,,False,
30,2020,2,16422.0,,False,
31,2020,3,10.0,,False,
32,2020,4,9.0,,False,
33,2020,5,,Yes,False,
34,2020,6,1.0,,False,
35,2020,7,280.0,,False,
36,2019,1,4401.0,,False,
37,2019,2,16422.0,,False,
38,2019,3,10.0,,False,
39,2019,4,9.0,,False,
40,2019,5,,Yes,False,
41,2019,6,1.0,,False,
42,2019,7,320.0,,False,
43,2018,1,4401.0,,False,
44,2018,2,16422.0,,False,
45,2018,3,10.0,,False,
46,2018,4,8.0,,False,
47,2018,5,,Yes,False,
48,2018,6,1.0,,False,
49,2018,7,400.0,,False,
50,2017,1,4401.0,,False,
51,2017,2,16422.0,,False,
52,2017,3,10.0,,False,
53,2017,4,12.0,,False,
54,2017,5,,Yes,False,
55,2017,6,1.0,,False,
56,2017,7,400.0,,False,
57,2016,1,4401.0,,False,
58,2016,2,16422.0,,False,
59,2016,3,10.0,,False,
60,2016,4,6.0,,False,
61,2016,5,,Yes,False,
62,2016,6,1.0,,False,
63,2016,7,400.0,,False,
64,2015,1,4401.0,,False,
65,2015,2,16422.0,,False,
66,2015,3,10.0,,False,
67,2015,4,5.0,,False,
68,2015,5,,Yes,False,
69,2015,6,1.0,,False,
70,2015,7,400.0,,False,
71,2014,1,4401.0,,False,
72,2014,2,16422.0,,False,
73,2014,3,10.0,,False,
74,2014,4,8.0,,False,
75,2014,5,,Yes,False,
76,2014,6,1.0,,False,
77,2014,7,400.0,,False,
78,2013,1,4401.0,,False,
79,2013,2,16422.0,,False,
80,2013,3,10.0,,False,
81,2013,4,8.0,,False,
82,2013,5,,Yes,False,
83,2013,6,1.0,,False,
84,2013,7,400.0,,False,
85,2012,1,5080.0,,False,
86,2012,2,16284.0,,False,
87,2012,3,10.0,,False,
88,2012,4,11.0,,False,
89,2012,5,,Yes,False,
90,2012,6,1.0,,False,
91,2012,7,480.0,,False,
92,2024,8,24.0,,False,
93,2024,9,0.0,,False,
94,2024,10,24.0,,False,
95,2024,11,0.0,,False,
96,2024,12,0.0,,False,
97,2024,13,0.0,,False,
98,2024,14,2.0,,False,
99,2024,15,1.0,,False,
100,2024,16,3.0,,False,
101,2024,17,1.0,,False,
102,2024,18,0.0,,False,
103,2024,19,1.0,,False,
104,2024,20,24.0,,False,
105,2024,21,44.0,,False,
106,2024,22,50.0,,False,
107,2024,23,66.0,,False,
108,2024,24,68.0,,False,
109,2024,25,50.0,,False,
110,2024,26,90.0,,False,
111,2024,27,44845.0,,False,
112,2023,8,22.0,,False,
113,2023,9,0.0,,False,
114,2023,10,22.0,,False,
115,2023,11,1.0,,False,
116,2023,12,0.0,,False,
117,2023,13,1.0,,False,
118,2023,14,,,False,
119,2023,15,,,False,
120,2023,16,,,False,
121,2023,17,,,False,
122,2023,18,,,False,
123,2023,19,,,False,
124,2023,20,23.0,,False,
125,2023,21,44.0,,False,
126,2023,22,44.0,,False,
127,2023,23,64.2,,False,
128,2023,24,67.0,,False,
129,2023,25,44.0,,False,
130,2023,26,87.2,,False,
131,2023,27,44845.0,,False,
132,2022,8,19.0,,False,
133,2022,9,1.0,,False,
134,2022,10,20.0,,False,
135,2022,11,2.0,,False,
136,2022,12,0.0,,False,
137,2022,13,2.0,,False,
138,2022,14,,,False,
139,2022,15,,,False,
140,2022,16,,,False,
141,2022,17,,,False,
142,2022,18,,,False,
143,2022,19,,,False,
144,2022,20,22.0,,False,
145,2022,21,45.0,,False,
146,2022,22,36.0,,False,
147,2022,23,81.0,,False,
148,2022,24,66.0,,False,
149,2022,25,37.0,,False,
150,2022,26,103.0,,False,
151,2022,27,40872.0,,False,
152,2021,8,19.0,,False,
153,2021,9,1.0,,False,
154,2021,10,20.0,,False,
155,2021,11,2.0,,False,
156,2021,12,0.0,,False,
157,2021,13,2.0,,False,
158,2021,14,,,False,
159,2021,15,,,False,
160,2021,16,,,False,
161,2021,17,,,False,
162,2021,18,,,False,
163,2021,19,,,False,
164,2021,20,22.0,,False,
165,2021,21,45.0,,False,
166,2021,22,36.0,,False,
167,2021,23,81.0,,False,
168,2021,24,66.0,,False,
169,2021,25,37.0,,False,
170,2021,26,103.0,,False,
171,2021,27,40872.0,,False,
172,2020,8,19.0,,False,
173,2020,9,1.0,,False,
174,2020,10,20.0,,False,
175,2020,11,2.0,,False,
176,2020,12,1.0,,False,
177,2020,13,3.0,,False,
178,2020,14,,,False,
179,2020,15,,,False,
180,2020,16,,,False,
181,2020,17,,,False,
182,2020,18,,,False,
183,2020,19,,,False,
184,2020,20,22.0,,False,
185,2020,21,45.0,,False,
186,2020,22,36.0,,False,
187,2020,23,60.0,,False,
188,2020,24,66.0,,False,
189,2020,25,38.0,,False,
190,2020,26,82.0,,False,
191,2020,27,39859.0,,False,
192,2019,8,21.0,,False,
193,2019,9,1.0,,False,
194,2019,10,22.0,,False,
195,2019,11,0.0,,False,
196,2019,12,0.0,,False,
197,2019,13,0.0,,False,
198,2019,14,,,False,
199,2019,15,,,False,
200,2019,16,,,False,
201,2019,17,,,False,
202,2019,18,,,False,
203,2019,19,,,False,
204,2019,20,22.0,,False,
205,2019,21,45.0,,False,
206,2019,22,39.0,,False,
207,2019,23,67.0,,False,
208,2019,24,66.0,,False,
209,2019,25,40.0,,False,
210,2019,26,89.0,,False,
211,2019,27,39852.0,,False,
212,2018,8,15.0,,False,
213,2018,9,1.0,,False,
214,2018,10,16.0,,False,
215,2018,11,0.0,,False,
216,2018,12,0.0,,False,
217,2018,13,0.0,,False,
218,2018,14,2.0,,False,
219,2018,15,1.0,,False,
220,2018,16,2.75,,False,
221,2018,17,1.0,,False,
222,2018,18,0.0,,False,
223,2018,19,1.0,,False,
224,2018,20,19.5,,False,
225,2018,21,62.0,,False,
226,2018,22,43.0,,False,
227,2018,23,75.0,,False,
228,2018,24,80.0,,False,
229,2018,25,45.0,,False,
230,2018,26,94.5,,False,
231,2018,27,39859.0,,False,
232,2017,8,15.0,,False,
233,2017,9,1.0,,False,
234,2017,10,16.0,,False,
235,2017,11,,,False,
236,2017,12,,,False,
237,2017,13,,,False,
238,2017,14,2.0,,False,
239,2017,15,1.0,,False,
240,2017,16,3.0,,False,
241,2017,17,1.0,,False,
242,2017,18,0.0,,False,
243,2017,19,1.0,,False,
244,2017,20,20.0,,False,
245,2017,21,44.0,,False,
246,2017,22,43.0,,False,
247,2017,23,76.0,,False,
248,2017,24,62.0,,False,
249,2017,25,45.0,,False,
250,2017,26,96.0,,False,
251,2017,27,39859.0,,False,
252,2016,8,11.0,,False,
253,2016,9,1.0,,False,
254,2016,10,11.75,,False,
255,2016,11,,,False,
256,2016,12,,,False,
257,2016,13,,,False,
258,2016,14,2.0,,False,
259,2016,15,1.0,,False,
260,2016,16,2.75,,False,
261,2016,17,4.0,,False,
262,2016,18,1.0,,False,
263,2016,19,4.75,,False,
264,2016,20,19.25,,False,
265,2016,21,43.0,,False,
266,2016,22,42.0,,False,
267,2016,23,74.5,,False,
268,2016,24,60.0,,False,
269,2016,25,45.0,,False,
270,2016,26,93.75,,False,
271,2016,27,38432.0,,False,
272,2015,8,17.0,,False,
273,2015,9,0.0,,False,
274,2015,10,17.0,,False,
275,2015,11,,,False,
276,2015,12,,,False,
277,2015,13,,,False,
278,2015,14,2.0,,False,
279,2015,15,1.0,,False,
280,2015,16,3.0,,False,
281,2015,17,4.0,,False,
282,2015,18,1.0,,False,
283,2015,19,5.0,,False,
284,2015,20,25.0,,False,
285,2015,21,17.0,,False,
286,2015,22,60.0,,False,
287,2015,23,90.0,,False,
288,2015,24,40.0,,False,
289,2015,25,62.0,,False,
290,2015,26,115.0,,False,
291,2015,27,38432.0,,False,
292,2014,8,17.0,,False,
293,2014,9,0.0,,False,
294,2014,10,17.0,,False,
295,2014,11,,,False,
296,2014,12,,,False,
297,2014,13,,,False,
298,2014,14,2.0,,False,
299,2014,15,1.0,,False,
300,2014,16,3.0,,False,
301,2014,17,4.0,,False,
302,2014,18,1.0,,False,
303,2014,19,5.0,,False,
304,2014,20,25.0,,False,
305,2014,21,17.0,,False,
306,2014,22,60.0,,False,
307,2014,23,90.0,,False,
308,2014,24,40.0,,False,
309,2014,25,62.0,,False,
310,2014,26,115.0,,False,
311,2014,27,38432.0,,False,
312,2013,8,17.0,,False,
313,2013,9,0.0,,False,
314,2013,10,17.0,,False,
315,2013,11,,,False,
316,2013,12,,,False,
317,2013,13,,,False,
318,2013,14,3.0,,False,
319,2013,15,1.0,,False,
320,2013,16,4.0,,False,
321,2013,17,3.0,,False,
322,2013,18,1.0,,False,
323,2013,19,4.0,,False,
324,2013,20,25.0,,False,
325,2013,21,16.0,,False,
326,2013,22,57.0,,False,
327,2013,23,46.0,,False,
328,2013,24,39.0,,False,
329,2013,25,59.0,,False,
330,2013,26,71.0,,False,
331,2013,27,37313.0,,False,
332,2012,8,16.0,,False,
333,2012,9,0.0,,False,
334,2012,10,,,False,
335,2012,11,,,False,
336,2012,12,,,False,
337,2012,13,,,False,
338,2012,14,2.0,,False,
339,2012,15,2.0,,False,
340,2012,16,4.0,,False,
341,2012,17,4.0,,False,
342,2012,18,0.0,,False,
343,2012,19,4.0,,False,
344,2012,20,23.5,,False,
345,2012,21,16.0,,False,
346,2012,22,44.0,,False,
347,2012,23,41.0,,False,
348,2012,24,38.0,,False,
349,2012,25,46.0,,False,
350,2012,26,64.5,,False,
351,2012,27,35868.0,,False,
352,2024,28,4.6,,False,
353,2024,29,8450000.0,,False,
354,2024,30,0.0,,False,
355,2024,31,8450000.0,,False,
356,2024,32,0.0,,False,
357,2024,33,634916.78,,False,
358,2024,34,634917.0,,False,
359,2024,35,0.0,,False,
360,2024,36,634917.0,,False,
361,2024,37,7641.0,,False,
362,2024,38,0.0,,False,
363,2024,39,7641.0,,False,
364,2024,40,0.0,,False,
365,2024,41,51200.0,,False,
366,2024,42,0.0,,False,
367,2024,43,9143758.0,,False,
368,2024,44,0.0,,False,
369,2024,45,,,False,
370,2024,46,9143758.0,,False,
371,2023,28,4.8,,False,
372,2023,29,7970000.0,,False,
373,2023,30,0.0,,False,
374,2023,31,7970000.0,,False,
375,2023,32,0.0,,False,
376,2023,33,634917.0,,False,
377,2023,34,634917.0,,False,
378,2023,35,0.0,,False,
379,2023,36,634917.0,,False,
380,2023,37,55771.0,,False,
381,2023,38,0.0,,False,
382,2023,39,55771.0,,False,
383,2023,40,0.0,,False,
384,2023,41,60500.0,,False,
385,2023,42,0.0,,False,
386,2023,43,8721188.0,,False,
387,2023,44,0.0,,False,
388,2023,45,,,False,
389,2023,46,8721188.0,,False,
390,2022,28,4.8,,False,
391,2022,29,7736000.0,,False,
392,2022,30,0.0,,False,
393,2022,31,7736000.0,,False,
394,2022,32,0.0,,False,
395,2022,33,459154.0,,False,
396,2022,34,459154.0,,False,
397,2022,35,49623.0,,False,
398,2022,36,508777.0,,False,
399,2022,37,33000.0,,False,
400,2022,38,0.0,,False,
401,2022,39,33000.0,,False,
402,2022,40,0.0,,False,
403,2022,41,0.0,,False,
404,2022,42,0.0,,False,
405,2022,43,8277777.0,,False,
406,2022,44,0.0,,False,
407,2022,45,,,False,
408,2022,46,8277777.0,,False,
409,2021,28,4.8,,False,
410,2021,29,6974000.0,,False,
411,2021,30,0.0,,False,
412,2021,31,6974000.0,,False,
413,2021,32,0.0,,False,
414,2021,33,452146.0,,False,
415,2021,34,452146.0,,False,
416,2021,35,0.0,,False,
417,2021,36,452146.0,,False,
418,2021,37,1000.0,,False,
419,2021,38,0.0,,False,
420,2021,39,1000.0,,False,
421,2021,40,0.0,,False,
422,2021,41,0.0,,False,
423,2021,42,0.0,,False,
424,2021,43,7427146.0,,False,
425,2021,44,0.0,,False,
426,2021,45,0.0,,False,
427,2021,46,7427146.0,,False,
428,2020,28,4.8,,False,
429,2020,29,6864999.0,,False,
430,2020,30,0.0,,False,
431,2020,31,6864999.0,,False,
432,2020,32,0.0,,False,
433,2020,33,452146.0,,False,
434,2020,34,452146.0,,False,
435,2020,35,0.0,,False,
436,2020,36,452146.0,,False,
437,2020,37,7487.0,,False,
438,2020,38,0.0,,False,
439,2020,39,7487.0,,False,
440,2020,40,50000.0,,False,
441,2020,41,0.0,,False,
442,2020,42,0.0,,False,
443,2020,43,7324632.0,,False,
444,2020,44,50000.0,,False,
445,2020,45,50000.0,,False,
446,2020,46,7374632.0,,False,
447,2019,28,4.8,,False,
448,2019,29,6206120.0,,False,
449,2019,30,1000000.0,,False,
450,2019,31,6206120.0,,False,
451,2019,32,1000000.0,,False,
452,2019,33,395628.0,,False,
453,2019,34,395628.0,,False,
454,2019,35,21739.0,,False,
455,2019,36,417367.0,,False,
456,2019,37,15650.0,,False,
457,2019,38,0.0,,False,
458,2019,39,15650.0,,False,
459,2019,40,50000.0,,False,
460,2019,41,0.0,,False,
461,2019,42,0.0,,False,
462,2019,43,6639137.0,,False,
463,2019,44,1050000.0,,False,
464,2019,45,1050000.0,,False,
465,2019,46,7689137.0,,False,
466,2018,28,4.8,,False,
467,2018,29,6296120.0,,False,
468,2018,30,,,False,
469,2018,31,6296120.0,,False,
470,2018,32,,,False,
471,2018,33,395628.0,,False,
472,2018,34,395628.0,,False,
473,2018,35,17391.0,,False,
474,2018,36,395628.0,,False,
475,2018,37,,,False,
476,2018,38,,,False,
477,2018,39,,,False,
478,2018,40,,,False,
479,2018,41,0.0,,False,
480,2018,42,0.0,,False,
481,2018,43,6296120.0,,False,
482,2018,44,,,False,
483,2018,45,,,False,
484,2018,46,6296120.0,,False,
485,2017,28,4.7,,False,
486,2017,29,5460350.0,,False,
487,2017,30,110000.0,,False,
488,2017,31,5460350.0,,False,
489,2017,32,110000.0,,False,
490,2017,33,339110.0,,False,
491,2017,34,339110.0,,False,
492,2017,35,30629.0,,False,
493,2017,36,369739.0,,False,
494,2017,37,,,False,
495,2017,38,850.0,,False,
496,2017,39,,,False,
497,2017,40,,,False,
498,2017,41,140280.0,,False,
499,2017,42,0.0,,False,
500,2017,43,5971219.0,,False,
501,2017,44,110000.0,,False,
502,2017,45,,,False,
503,2017,46,6081219.0,,False,
504,2016,28,4.42,,False,
505,2016,29,5113000.0,,False,
506,2016,30,110000.0,,False,
507,2016,31,5113000.0,,False,
508,2016,32,110000.0,,False,
509,2016,33,339110.0,,False,
510,2016,34,339110.0,,False,
511,2016,35,147874.0,,False,
512,2016,36,486984.0,,False,
513,2016,37,4390.0,,False,
514,2016,38,,,False,
515,2016,39,,,False,
516,2016,40,,,False,
517,2016,41,153500.0,,False,
518,2016,42,0.0,,False,
519,2016,43,5757874.0,,False,
520,2016,44,110000.0,,False,
521,2016,45,,,False,
522,2016,46,5757874.0,,False,
523,2015,28,4.42,,False,
524,2015,29,4936120.0,,False,
525,2015,30,110000.0,,False,
526,2015,31,4936120.0,,False,
527,2015,32,110000.0,,False,
528,2015,33,206504.0,,False,
529,2015,34,206504.0,,False,
530,2015,35,76087.0,,False,
531,2015,36,282591.0,,False,
532,2015,37,,,False,
533,2015,38,,,False,
534,2015,39,,,False,
535,2015,40,,,False,
536,2015,41,157971.0,,False,
537,2015,42,0.0,,False,
538,2015,43,5376682.0,,False,
539,2015,44,110000.0,,False,
540,2015,45,,,False,
541,2015,46,5376682.0,,False,
542,2014,28,4.4,,False,
543,2014,29,4962800.0,,False,
544,2014,30,110000.0,,False,
545,2014,31,4962800.0,,False,
546,2014,32,110000.0,,False,
547,2014,33,206504.0,,False,
548,2014,34,206504.0,,False,
549,2014,35,76087.0,,False,
550,2014,36,282591.0,,False,
551,2014,37,250.0,,False,
552,2014,38,,,False,
553,2014,39,,,False,
554,2014,40,,,False,
555,2014,41,157416.0,,False,
556,2014,42,0.0,,False,
557,2014,43,5403057.0,,False,
558,2014,44,110000.0,,False,
559,2014,45,,,False,
560,2014,46,5513057.0,,False,
561,2013,28,4.4,,False,
562,2013,29,4804490.0,,False,
563,2013,30,110300.0,,False,
564,2013,31,4804490.0,,False,
565,2013,32,110300.0,,False,
566,2013,33,226073.0,,False,
567,2013,34,226073.0,,False,
568,2013,35,30884.0,,False,
569,2013,36,256957.0,,False,
570,2013,37,,,False,
571,2013,38,,,False,
572,2013,39,,,False,
573,2013,40,,,False,
574,2013,41,158648.0,,False,
575,2013,42,0.0,,False,
576,2013,43,5220095.0,,False,
577,2013,44,110300.0,,False,
578,2013,45,,,False,
579,2013,46,5330395.0,,False,
580,2012,28,4.3,,False,
581,2012,29,4458386.0,,False,
582,2012,30,469006.0,,False,
583,2012,31,4458386.0,,False,
584,2012,32,469006.0,,False,
585,2012,33,165690.0,,False,
586,2012,34,193471.0,,False,
587,2012,35,27781.0,,False,
588,2012,36,193471.0,,False,
589,2012,37,,,False,
590,2012,38,,,False,
591,2012,39,,,False,
592,2012,40,,,False,
593,2012,41,,,False,
594,2012,42,0.0,,False,
595,2012,43,4851502.0,,False,
596,2012,44,469006.0,,False,
597,2012,45,,,False,
598,2012,46,5320508.0,,False,
599,2024,47,4268095.0,,False,
600,2024,48,1981809.0,,False,
601,2024,49,6249904.0,,False,
602,2023,47,3961856.0,,False,
603,2023,48,1735896.0,,False,
604,2023,49,5697752.0,,False,
605,2022,47,3778650.0,,False,
606,2022,48,1519379.0,,False,
607,2022,49,5298029.0,,False,
608,2021,47,3791735.0,,False,
609,2021,48,1497183.0,,False,
610,2021,49,5288918.0,,False,
611,2020,47,3791735.0,,False,
612,2020,48,1497183.0,,False,
613,2020,49,5288918.0,,False,
614,2019,47,3485164.0,,False,
615,2019,48,1278441.0,,False,
616,2019,49,4763605.0,,False,
617,2018,47,3339050.0,,False,
618,2018,48,1244296.0,,False,
619,2018,49,4583346.0,,False,
620,2017,47,3166597.0,,False,
621,2017,48,1069046.0,,False,
622,2017,49,4235643.0,,False,
623,2016,47,3083406.0,,False,
624,2016,48,911888.0,,False,
625,2016,49,3995294.0,,False,
626,2015,47,2873322.0,,False,
627,2015,48,918431.0,,False,
628,2015,49,3791753.0,,False,
629,2014,47,2716788.0,,False,
630,2014,48,846154.0,,False,
631,2014,49,3562942.0,,False,
632,2013,47,2694405.0,,False,
633,2013,48,831643.0,,False,
634,2013,49,3526048.0,,False,
635,2012,47,2573046.0,,False,
636,2012,48,760185.0,,False,
637,2012,49,3333231.0,,False,
638,2024,50,602251.0,,False,
639,2024,51,1001435.0,,False,
640,2024,52,101600.0,,False,
641,2024,53,82000.0,,False,
642,2024,54,183600.0,,False,
643,2024,55,1787286.0,,False,
644,2023,50,570615.0,,False,
645,2023,51,1032165.0,,False,
646,2023,52,103600.0,,False,
647,2023,53,0.0,,False,
648,2023,54,103600.0,,False,
649,2023,55,1706380.0,,False,
650,2022,50,539565.0,,False,
651,2022,51,850637.0,,False,
652,2022,52,108100.0,,False,
653,2022,53,182413.0,,False,
654,2022,54,290513.0,,False,
655,2022,55,1680715.0,,False,
656,2021,50,452146.0,,False,
657,2021,51,991374.0,,False,
658,2021,52,98333.0,,False,
659,2021,53,135170.0,,False,
660,2021,54,233503.0,,False,
661,2021,55,1677023.0,,False,
662,2020,50,457019.0,,False,
663,2020,51,498040.0,,False,
664,2020,52,92134.0,,False,
665,2020,53,191884.0,,False,
666,2020,54,284018.0,,False,
667,2020,55,1239077.0,,False,
668,2019,50,444339.0,,False,
669,2019,51,391129.0,,False,
670,2019,52,87970.0,,False,
671,2019,53,52567.0,,False,
672,2019,54,140537.0,,False,
673,2019,55,976005.0,,False,
674,2018,50,451886.0,,False,
675,2018,51,242741.0,,False,
676,2018,52,113175.0,,False,
677,2018,53,24641.0,,False,
678,2018,54,,,False,
679,2018,55,832443.0,,False,
680,2017,50,429434.0,,False,
681,2017,51,202432.0,,False,
682,2017,52,79970.0,,False,
683,2017,53,25839.0,,False,
684,2017,54,,,False,
685,2017,55,737675.0,,False,
686,2016,50,283300.0,,False,
687,2016,51,240673.0,,False,
688,2016,52,71200.0,,False,
689,2016,53,27641.0,,False,
690,2016,54,98841.0,,False,
691,2016,55,622814.0,,False,
692,2015,50,355790.0,,False,
693,2015,51,101130.0,,False,
694,2015,52,83746.0,,False,
695,2015,53,21785.0,,False,
696,2015,54,,,False,
697,2015,55,562451.0,,False,
698,2014,50,393488.0,,False,
699,2014,51,151503.0,,False,
700,2014,52,99296.0,,False,
701,2014,53,15550.0,,False,
702,2014,54,,,False,
703,2014,55,659837.0,,False,
704,2013,50,417337.0,,False,
705,2013,51,116711.0,,False,
706,2013,52,79750.0,,False,
707,2013,53,,,False,
708,2013,54,,,False,
709,2013,55,613798.0,,False,
710,2012,50,360268.0,,False,
711,2012,51,65250.0,,False,
712,2012,52,89750.0,,False,
713,2012,53,89750.0,,False,
714,2012,54,89750.0,,False,
715,2012,55,515268.0,,False,
716,2024,56,213750.0,,False,
717,2024,57,246000.0,,False,
718,2024,58,561337.0,,False,
719,2024,59,1021087.0,,False,
720,2024,60,9058277.0,,False,
721,2023,56,110413.0,,False,
722,2023,57,368800.0,,False,
723,2023,58,596259.0,,False,
724,2023,59,1075472.0,,False,
725,2023,60,8479604.0,,False,
726,2022,56,345120.0,,False,
727,2022,57,449740.0,,False,
728,2022,58,461060.0,,False,
729,2022,59,1255920.0,,False,
730,2022,60,8234664.0,,False,
731,2021,56,345120.0,,False,
732,2021,57,427750.0,,False,
733,2021,58,453100.0,,False,
734,2021,59,1225970.0,,False,
735,2021,60,8191911.0,,False,
736,2020,56,152100.0,,False,
737,2020,57,315000.0,,False,
738,2020,58,516551.0,,False,
739,2020,59,983651.0,,False,
740,2020,60,7511646.0,,False,
741,2019,56,92000.0,,False,
742,2019,57,309500.0,,False,
743,2019,58,609804.0,,False,
744,2019,59,1011304.0,,False,
745,2019,60,6750914.0,,False,
746,2018,56,162494.0,,False,
747,2018,57,283190.0,,False,
748,2018,58,363483.0,,False,
749,2018,59,809167.0,,False,
750,2018,60,6224956.0,,False,
751,2017,56,112276.0,,False,
752,2017,57,378334.0,,False,
753,2017,58,393858.0,,False,
754,2017,59,884468.0,,False,
755,2017,60,5857786.0,,False,
756,2016,56,4565.0,,False,
757,2016,57,400076.0,,False,
758,2016,58,360686.0,,False,
759,2016,59,765327.0,,False,
760,2016,60,5383435.0,,False,
761,2015,56,812.0,,False,
762,2015,57,582406.0,,False,
763,2015,58,252691.0,,False,
764,2015,59,835909.0,,False,
765,2015,60,5190113.0,,False,
766,2014,56,5196.0,,False,
767,2014,57,549217.0,,False,
768,2014,58,333761.0,,False,
769,2014,59,888174.0,,False,
770,2014,60,5110953.0,,False,
771,2013,56,6133.0,,False,
772,2013,57,790432.0,,False,
773,2013,58,200625.0,,False,
774,2013,59,997190.0,,False,
775,2013,60,5137036.0,,False,
776,2012,56,13495.0,,False,
777,2012,57,559158.0,,False,
778,2012,58,319697.0,,False,
779,2012,59,892350.0,,False,
780,2012,60,4740849.0,,False,
781,2024,61,0.0,,False,
782,2024,62,0.0,,False,
783,2024,63,0.0,,False,
784,2024,64,0.0,,False,
785,2024,65,0.0,,False,
786,2023,61,0.0,,False,
787,2023,62,0.0,,False,
788,2023,63,0.0,,False,
789,2023,64,0.0,,False,
790,2023,65,0.0,,False,
791,2022,61,0.0,,False,
792,2022,62,40000.0,,False,
793,2022,63,345120.0,,False,
794,2022,64,0.0,,False,
795,2022,65,385120.0,,False,
796,2021,61,0.0,,False,
797,2021,62,0.0,,False,
798,2021,63,345120.0,,False,
799,2021,64,0.0,,False,
800,2021,65,345120.0,,False,
801,2020,61,0.0,,False,
802,2020,62,109000.0,,False,
803,2020,63,52100.0,,False,
804,2020,64,0.0,,False,
805,2020,65,161100.0,,False,
806,2019,61,0.0,,False,
807,2019,62,232000.0,,False,
808,2019,63,30000.0,,False,
809,2019,64,0.0,,False,
810,2019,65,262000.0,,False,
811,2018,61,,,False,
812,2018,62,,,False,
813,2018,63,,,False,
814,2018,64,,,False,
815,2018,65,,,False,
816,2017,61,0.0,,False,
817,2017,62,0.0,,False,
818,2017,63,0.0,,False,
819,2017,64,0.0,,False,
820,2017,65,0.0,,False,
821,2016,61,,,False,
822,2016,62,,,False,
823,2016,63,,,False,
824,2016,64,,,False,
825,2016,65,,,False,
826,2015,61,,,False,
827,2015,62,,,False,
828,2015,63,,,False,
829,2015,64,,,False,
830,2015,65,,,False,
831,2014,61,14544.0,,False,
832,2014,62,,,False,
833,2014,63,,,False,
834,2014,64,,,False,
835,2014,65,14544.0,,False,
836,2013,61,,,False,
837,2013,62,26524.0,,False,
838,2013,63,,,False,
839,2013,64,83776.0,,False,
840,2013,65,110300.0,,False,
841,2012,61,,,False,
842,2012,62,,,False,
843,2012,63,,,False,
844,2012,64,,,False,
845,2012,65,,,False,
846,2024,66,9058277.0,,False,
847,2023,66,8479604.0,,False,
848,2022,66,8619784.0,,False,
849,2021,66,8537031.0,,False,
850,2020,66,7672746.0,,False,
851,2019,66,7012914.0,,False,
852,2018,66,6224956.0,,False,
853,2017,66,5857786.0,,False,
854,2016,66,5383435.0,,False,
855,2015,66,5190113.0,,False,
856,2014,66,5125497.0,,False,
857,2013,66,5247336.0,,False,
858,2012,66,4740849.0,,False,
859,2024,67,34889.0,,False,
860,2024,68,37817.0,,False,
861,2024,69,337543.0,,False,
862,2024,70,0.0,,False,
863,2024,71,0.0,,False,
864,2024,72,0.0,,False,
865,2024,73,405.0,,False,
866,2024,74,2238.0,,False,
867,2024,75,9912.0,,False,
868,2024,76,1221.0,,False,
869,2024,77,2510.0,,False,
870,2024,78,18817.0,,False,
871,2024,79,368607.0,,False,
872,2024,80,,,False,
873,2024,81,,,False,
874,2024,82,,,False,
875,2024,83,,,False,
876,2024,84,,,False,
877,2024,85,,,False,
878,2024,86,,,False,
879,2024,87,,,False,
880,2024,88,,,False,
881,2023,67,35624.0,,False,
882,2023,68,27696.0,,False,
883,2023,69,340471.0,,False,
884,2023,70,0.0,,False,
885,2023,71,0.0,,False,
886,2023,72,0.0,,False,
887,2023,73,1137.0,,False,
888,2023,74,1736.0,,False,
889,2023,75,11745.0,,False,
890,2023,76,1974.0,,False,
891,2023,77,1458.0,,False,
892,2023,78,20106.0,,False,
893,2023,79,372965.0,,False,
894,2023,80,593480.0,,False,
895,2023,81,99441.0,,False,
896,2023,82,801332.0,,False,
897,2023,83,4802.0,,False,
898,2023,84,1499055.0,,False,
899,2023,85,30.0,,False,
900,2023,86,0.0,,False,
901,2023,87,71.0,,False,
902,2023,88,101.0,,False,
903,2022,67,33211.0,,False,
904,2022,68,20594.0,,False,
905,2022,69,349889.0,,False,
906,2022,70,0.0,,False,
907,2022,71,0.0,,False,
908,2022,72,8.0,,False,
909,2022,73,1279.0,,False,
910,2022,74,1095.0,,False,
911,2022,75,11539.0,,False,
912,2022,76,2409.0,,False,
913,2022,77,1149.0,,False,
914,2022,78,19099.0,,False,
915,2022,79,380527.0,,False,
916,2022,80,482680.0,,False,
917,2022,81,89213.0,,False,
918,2022,82,660172.0,,False,
919,2022,83,4149.0,,False,
920,2022,84,1236214.0,,False,
921,2022,85,30.0,,False,
922,2022,86,0.0,,False,
923,2022,87,55.0,,False,
924,2022,88,85.0,,False,
925,2021,67,29505.0,,False,
926,2021,68,21768.0,,False,
927,2021,69,337272.0,,False,
928,2021,70,0.0,,False,
929,2021,71,0.0,,False,
930,2021,72,1.0,,False,
931,2021,73,1569.0,,False,
932,2021,74,1082.0,,False,
933,2021,75,11355.0,,False,
934,2021,76,1755.0,,False,
935,2021,77,1031.0,,False,
936,2021,78,17839.0,,False,
937,2021,79,366666.0,,False,
938,2021,80,415590.0,,False,
939,2021,81,106110.0,,False,
940,2021,82,469901.0,,False,
941,2021,83,275.0,,False,
942,2021,84,991876.0,,False,
943,2021,85,9.0,,False,
944,2021,86,0.0,,False,
945,2021,87,55.0,,False,
946,2021,88,64.0,,False,
947,2020,67,30318.0,,False,
948,2020,68,24476.0,,False,
949,2020,69,329535.0,,False,
950,2020,70,0.0,,False,
951,2020,71,0.0,,False,
952,2020,72,1.0,,False,
953,2020,73,957.0,,False,
954,2020,74,798.0,,False,
955,2020,75,10868.0,,False,
956,2020,76,2378.0,,False,
957,2020,77,720.0,,False,
958,2020,78,17115.0,,False,
959,2020,79,357519.0,,False,
960,2020,80,400701.0,,False,
961,2020,81,71306.0,,False,
962,2020,82,446251.0,,False,
963,2020,83,278.0,,False,
964,2020,84,918536.0,,False,
965,2020,85,9.0,,False,
966,2020,86,0.0,,False,
967,2020,87,55.0,,False,
968,2020,88,64.0,,False,
969,2019,67,32111.0,,False,
970,2019,68,33645.0,,False,
971,2019,69,323693.0,,False,
972,2019,70,0.0,,False,
973,2019,71,1.0,,False,
974,2019,72,1.0,,False,
975,2019,73,1208.0,,False,
976,2019,74,1060.0,,False,
977,2019,75,10709.0,,False,
978,2019,76,2571.0,,False,
979,2019,77,1099.0,,False,
980,2019,78,15457.0,,False,
981,2019,79,349860.0,,False,
982,2019,80,371671.0,,False,
983,2019,81,43685.0,,False,
984,2019,82,317099.0,,False,
985,2019,83,204.0,,False,
986,2019,84,732659.0,,False,
987,2019,85,9.0,,False,
988,2019,86,0.0,,False,
989,2019,87,51.0,,False,
990,2019,88,60.0,,False,
991,2018,67,30345.0,,False,
992,2018,68,51733.0,,False,
993,2018,69,338545.0,,False,
994,2018,70,0.0,,False,
995,2018,71,0.0,,False,
996,2018,72,315.0,,False,
997,2018,73,1588.0,,False,
998,2018,74,1186.0,,False,
999,2018,75,11435.0,,False,
1000,2018,76,2752.0,,False,
1001,2018,77,1645.0,,False,
1002,2018,78,15421.0,,False,
1003,2018,79,365716.0,,False,
1004,2018,80,7516.0,,False,
1005,2018,81,0.0,,False,
1006,2018,82,9837.0,,False,
1007,2018,83,151.0,,False,
1008,2018,84,17504.0,,False,
1009,2018,85,6.0,,False,
1010,2018,86,0.0,,False,
1011,2018,87,50.0,,False,
1012,2018,88,56.0,,False,
1013,2017,67,27594.0,,False,
1014,2017,68,43966.0,,False,
1015,2017,69,359933.0,,False,
1016,2017,70,0.0,,False,
1017,2017,71,1.0,,False,
1018,2017,72,338.0,,False,
1019,2017,73,1122.0,,False,
1020,2017,74,1859.0,,False,
1021,2017,75,11033.0,,False,
1022,2017,76,1017.0,,False,
1023,2017,77,2064.0,,False,
1024,2017,78,14314.0,,False,
1025,2017,79,385618.0,,False,
1026,2017,80,7788.0,,False,
1027,2017,81,0.0,,False,
1028,2017,82,5856.0,,False,
1029,2017,83,141.0,,False,
1030,2017,84,13785.0,,False,
1031,2017,85,9.0,,False,
1032,2017,86,,,False,
1033,2017,87,50.0,,False,
1034,2017,88,59.0,,False,
1035,2016,67,30549.0,,False,
1036,2016,68,23160.0,,False,
1037,2016,69,369257.0,,False,
1038,2016,70,0.0,,False,
1039,2016,71,0.0,,False,
1040,2016,72,339.0,,False,
1041,2016,73,1299.0,,False,
1042,2016,74,7196.0,,False,
1043,2016,75,10945.0,,False,
1044,2016,76,1106.0,,False,
1045,2016,77,0.0,,False,
1046,2016,78,13835.0,,False,
1047,2016,79,394376.0,,False,
1048,2016,80,7196.0,,False,
1049,2016,81,0.0,,False,
1050,2016,82,4367.0,,False,
1051,2016,83,132.0,,False,
1052,2016,84,11695.0,,False,
1053,2016,85,9.0,,False,
1054,2016,86,,,False,
1055,2016,87,50.0,,False,
1056,2016,88,59.0,,False,
1057,2015,67,26772.0,,False,
1058,2015,68,29486.0,,False,
1059,2015,69,368194.0,,False,
1060,2015,70,2.0,,False,
1061,2015,71,54.0,,False,
1062,2015,72,339.0,,False,
1063,2015,73,1493.0,,False,
1064,2015,74,621.0,,False,
1065,2015,75,10214.0,,False,
1066,2015,76,1123.0,,False,
1067,2015,77,374.0,,False,
1068,2015,78,12868.0,,False,
1069,2015,79,391615.0,,False,
1070,2015,80,6973.0,,False,
1071,2015,81,6.0,,False,
1072,2015,82,3262.0,,False,
1073,2015,83,155.0,,False,
1074,2015,84,10396.0,,False,
1075,2015,85,9.0,,False,
1076,2015,86,,,False,
1077,2015,87,,,False,
1078,2015,88,59.0,,False,
1079,2014,67,29312.0,,False,
1080,2014,68,48338.0,,False,
1081,2014,69,291220.0,,False,
1082,2014,70,2.0,,False,
1083,2014,71,76.0,,False,
1084,2014,72,391.0,,False,
1085,2014,73,1305.0,,False,
1086,2014,74,2335.0,,False,
1087,2014,75,7223.0,,False,
1088,2014,76,1425.0,,False,
1089,2014,77,2466.0,,False,
1090,2014,78,11925.0,,False,
1091,2014,79,310759.0,,False,
1092,2014,80,5518.0,,False,
1093,2014,81,0.0,,False,
1094,2014,82,1778.0,,False,
1095,2014,83,7398.0,,False,
1096,2014,84,14694.0,,False,
1097,2014,85,7.0,,False,
1098,2014,86,,,False,
1099,2014,87,,,False,
1100,2014,88,56.0,,False,
1101,2013,67,25169.0,,False,
1102,2013,68,23365.0,,False,
1103,2013,69,310246.0,,False,
1104,2013,70,22.0,,False,
1105,2013,71,54.0,,False,
1106,2013,72,465.0,,False,
1107,2013,73,1114.0,,False,
1108,2013,74,775.0,,False,
1109,2013,75,8253.0,,False,
1110,2013,76,1015.0,,False,
1111,2013,77,1343.0,,False,
1112,2013,78,12966.0,,False,
1113,2013,79,331930.0,,False,
1114,2013,80,4452.0,,False,
1115,2013,81,0.0,,False,
1116,2013,82,848.0,,False,
1117,2013,83,5300.0,,False,
1118,2013,84,10600.0,,False,
1119,2013,85,7.0,,False,
1120,2013,86,0.0,,False,
1121,2013,87,49.0,,False,
1122,2013,88,56.0,,False,
1123,2012,67,25032.0,,False,
1124,2012,68,9939.0,,False,
1125,2012,69,308442.0,,False,
1126,2012,70,0.0,,False,
1127,2012,71,113.0,,False,
1128,2012,72,468.0,,False,
1129,2012,73,1093.0,,False,
1130,2012,74,561.0,,False,
1131,2012,75,7914.0,,False,
1132,2012,76,1012.0,,False,
1133,2012,77,294.0,,False,
1134,2012,78,13294.0,,False,
1135,2012,79,330118.0,,False,
1136,2012,80,4039.0,,False,
1137,2012,81,0.0,,False,
1138,2012,82,790.0,,False,
1139,2012,83,,,False,
1140,2012,84,4829.0,,False,
1141,2012,85,5.0,,False,
1142,2012,86,,,False,
1143,2012,87,36.0,,False,
1144,2012,88,41.0,,False,
1145,2024,89,154961.0,,False,
1146,2024,90,36410.0,,False,
1147,2024,91,191371.0,,False,
1148,2024,92,425758.0,,False,
1149,2024,93,282090.0,,False,
1150,2023,89,103245.0,,False,
1151,2023,90,103265.0,,False,
1152,2023,91,206510.0,,False,
1153,2023,92,397620.0,,False,
1154,2023,93,282090.0,,False,
1155,2022,89,105226.0,,False,
1156,2022,90,105252.0,,False,
1157,2022,91,210478.0,,False,
1158,2022,92,330488.0,,False,
1159,2022,93,282090.0,,False,
1160,2021,89,116782.0,,False,
1161,2021,90,116831.0,,False,
1162,2021,91,233613.0,,False,
1163,2021,92,180845.0,,False,
1164,2021,93,282090.0,,False,
1165,2020,89,113552.0,,False,
1166,2020,90,113612.0,,False,
1167,2020,91,227164.0,,False,
1168,2020,92,368492.0,,False,
1169,2020,93,226073.0,,False,
1170,2019,89,117152.0,,False,
1171,2019,90,117219.0,,False,
1172,2019,91,234371.0,,False,
1173,2019,92,525854.0,,False,
1174,2019,93,226073.0,,False,
1175,2018,89,117626.0,,False,
1176,2018,90,27332.0,,False,
1177,2018,91,144958.0,,False,
1178,2018,92,559440.0,,False,
1179,2018,93,226073.0,,False,
1180,2017,89,117545.0,,False,
1181,2017,90,25531.0,,False,
1182,2017,91,143076.0,,False,
1183,2017,92,571289.0,,False,
1184,2017,93,226073.0,,False,
1185,2016,89,121645.0,,False,
1186,2016,90,26056.0,,False,
1187,2016,91,147701.0,,False,
1188,2016,92,567369.0,,False,
1189,2016,93,226073.0,,False,
1190,2015,89,127407.0,,False,
1191,2015,90,32044.0,,False,
1192,2015,91,159451.0,,False,
1193,2015,92,559674.0,,False,
1194,2015,93,226073.0,,False,
1195,2014,89,114938.0,,False,
1196,2014,90,35246.0,,False,
1197,2014,91,150184.0,,False,
1198,2014,92,574173.0,,False,
1199,2014,93,226073.0,,False,
1200,2013,89,107462.0,,False,
1201,2013,90,33236.0,,False,
1202,2013,91,140698.0,,False,
1203,2013,92,621616.0,,True,averaged from 2012 (669059) and 2014 (574173) — original 844406 was inflated
1204,2013,93,226073.0,,False,
1205,2012,89,100121.0,,False,
1206,2012,90,30772.0,,False,
1207,2012,91,130893.0,,False,
1208,2012,92,669059.0,,False,
1209,2012,93,226073.0,,False,
1210,2024,94,84.0,,False,
1211,2024,95,580926.0,,False,
1212,2024,96,330189.0,,False,
1213,2023,94,94.0,,False,
1214,2023,95,1487747.0,,False,
1215,2023,96,271028.0,,False,
1216,2022,94,86.0,,False,
1217,2022,95,1377583.0,,False,
1218,2022,96,0.0,,False,
1219,2021,94,86.0,,False,
1220,2021,95,179098.0,,False,
1221,2021,96,228953.0,,False,
1222,2020,94,115.0,,False,
1223,2020,95,155065.0,,False,
1224,2020,96,237150.0,,False,
1225,2019,94,115.0,,False,
1226,2019,95,143601.0,,False,
1227,2019,96,466746.0,,False,
1228,2018,94,115.0,,False,
1229,2018,95,6204.0,,False,
1230,2018,96,263357.0,,False,
1231,2017,94,115.0,,False,
1232,2017,95,5538.0,,False,
1233,2017,96,,,False,
1234,2016,94,115.0,,False,
1235,2016,95,5240.0,,False,
1236,2016,96,,,False,
1237,2015,94,115.0,,False,
1238,2015,95,4987.0,,False,
1239,2015,96,,,False,
1240,2014,94,115.0,,False,
1241,2014,95,5083.0,,False,
1242,2014,96,,,False,
1243,2013,94,115.0,,False,
1244,2013,95,,,False,
1245,2013,96,,,False,
1246,2012,94,105.0,,False,
1247,2012,95,,,False,
1248,2012,96,,,False,
1249,2024,97,235.0,,False,
1250,2024,98,307775.0,,False,
1251,2024,99,315.0,,False,
1252,2023,97,258.0,,False,
1253,2023,98,303221.0,,False,
1254,2023,99,259.0,,False,
1255,2022,97,0.0,,False,
1256,2022,98,274560.0,,False,
1257,2022,99,0.0,,False,
1258,2021,97,,,False,
1259,2021,98,156208.0,,False,
1260,2021,99,0.0,,False,
1261,2020,97,,,False,
1262,2020,98,315562.0,,False,
1263,2020,99,0.0,,False,
1264,2019,97,,,False,
1265,2019,98,363636.0,,False,
1266,2019,99,,,False,
1267,2018,97,,,False,
1268,2018,98,231855.0,,False,
1269,2018,99,,,False,
1270,2017,97,,,False,
1271,2017,98,223340.0,,False,
1272,2017,99,,,False,
1273,2016,97,,,False,
1274,2016,98,231217.0,,False,
1275,2016,99,,,False,
1276,2015,97,,,False,
1277,2015,98,243938.0,,False,
1278,2015,99,,,False,
1279,2014,97,,,False,
1280,2014,98,226265.0,,False,
1281,2014,99,,,False,
1282,2013,97,,,False,
1283,2013,98,225927.0,,False,
1284,2013,99,,,False,
1285,2012,97,,,False,
1286,2012,98,175000.0,,False,
1287,2012,99,,,False,
1288,2024,100,558566.0,,False,
1289,2024,101,40348.0,,False,
1290,2024,102,598914.0,,False,
1291,2024,103,341960.0,,False,
1292,2024,104,40476.0,,False,
1293,2024,105,382436.0,,False,
1294,2024,106,11820.0,,False,
1295,2024,107,900526.0,,False,
1296,2024,108,92644.0,,False,
1297,2024,109,993170.0,,False,
1298,2024,110,214363.0,,False,
1299,2024,111,193535.0,,False,
1300,2024,112,15116.0,,False,
1301,2024,113,34381.0,,False,
1302,2024,114,457395.0,,False,
1303,2024,115,1450565.0,,False,
1304,2023,100,455267.0,,False,
1305,2023,101,25651.0,,False,
1306,2023,102,480918.0,,False,
1307,2023,103,241421.0,,False,
1308,2023,104,36697.0,,False,
1309,2023,105,278118.0,,False,
1310,2023,106,9084.0,,False,
1311,2023,107,696688.0,,False,
1312,2023,108,71432.0,,False,
1313,2023,109,768120.0,,False,
1314,2023,110,186551.0,,False,
1315,2023,111,170376.0,,False,
1316,2023,112,8680.0,,False,
1317,2023,113,11954.0,,False,
1318,2023,114,377561.0,,False,
1319,2023,115,1145681.0,,False,
1320,2022,100,457192.0,,False,
1321,2022,101,27037.0,,False,
1322,2022,102,484229.0,,False,
1323,2022,103,238694.0,,False,
1324,2022,104,38076.0,,False,
1325,2022,105,276770.0,,False,
1326,2022,106,0.0,,False,
1327,2022,107,695886.0,,False,
1328,2022,108,65113.0,,False,
1329,2022,109,760999.0,,False,
1330,2022,110,145536.0,,False,
1331,2022,111,112487.0,,False,
1332,2022,112,10358.0,,False,
1333,2022,113,15065.0,,False,
1334,2022,114,283446.0,,False,
1335,2022,115,1044445.0,,False,
1336,2021,100,293600.0,,False,
1337,2021,101,17459.0,,False,
1338,2021,102,311059.0,,False,
1339,2021,103,180012.0,,False,
1340,2021,104,33647.0,,False,
1341,2021,105,213659.0,,False,
1342,2021,106,1250.0,,False,
1343,2021,107,473612.0,,False,
1344,2021,108,52356.0,,False,
1345,2021,109,525968.0,,False,
1346,2021,110,130897.0,,False,
1347,2021,111,90429.0,,False,
1348,2021,112,11925.0,,False,
1349,2021,113,15453.0,,False,
1350,2021,114,248704.0,,False,
1351,2021,115,774672.0,,False,
1352,2020,100,354491.0,,False,
1353,2020,101,37080.0,,False,
1354,2020,102,391571.0,,False,
1355,2020,103,236808.0,,False,
1356,2020,104,50259.0,,False,
1357,2020,105,287067.0,,False,
1358,2020,106,,,False,
1359,2020,107,591299.0,,False,
1360,2020,108,87339.0,,False,
1361,2020,109,678638.0,,False,
1362,2020,110,75065.0,,False,
1363,2020,111,67923.0,,False,
1364,2020,112,8261.0,,False,
1365,2020,113,13694.0,,False,
1366,2020,114,164943.0,,False,
1367,2020,115,843581.0,,False,
1368,2019,100,471512.0,,False,
1369,2019,101,49288.0,,False,
1370,2019,102,520800.0,,False,
1371,2019,103,313347.0,,False,
1372,2019,104,74043.0,,False,
1373,2019,105,387390.0,,False,
1374,2019,106,,,False,
1375,2019,107,784859.0,,False,
1376,2019,108,123331.0,,False,
1377,2019,109,908190.0,,False,
1378,2019,110,43736.0,,False,
1379,2019,111,26331.0,,False,
1380,2019,112,1806.0,,False,
1381,2019,113,10935.0,,False,
1382,2019,114,82808.0,,False,
1383,2019,115,990998.0,,False,
1384,2018,100,455496.0,,False,
1385,2018,101,48909.0,,False,
1386,2018,102,504405.0,,False,
1387,2018,103,312881.0,,False,
1388,2018,104,76540.0,,False,
1389,2018,105,389421.0,,False,
1390,2018,106,,,False,
1391,2018,107,768377.0,,False,
1392,2018,108,125449.0,,False,
1393,2018,109,893826.0,,False,
1394,2018,110,27700.0,,False,
1395,2018,111,17353.0,,False,
1396,2018,112,0.0,,False,
1397,2018,113,7369.0,,False,
1398,2018,114,52422.0,,False,
1399,2018,115,946248.0,,False,
1400,2017,100,498965.0,,False,
1401,2017,101,46465.0,,False,
1402,2017,102,545430.0,,False,
1403,2017,103,339555.0,,False,
1404,2017,104,73187.0,,False,
1405,2017,105,412742.0,,False,
1406,2017,106,,,False,
1407,2017,107,838520.0,,False,
1408,2017,108,119652.0,,False,
1409,2017,109,958172.0,,False,
1410,2017,110,25481.0,,False,
1411,2017,111,13138.0,,False,
1412,2017,112,0.0,,False,
1413,2017,113,7540.0,,False,
1414,2017,114,46159.0,,False,
1415,2017,115,1004331.0,,False,
1416,2016,100,508074.0,,False,
1417,2016,101,44269.0,,False,
1418,2016,102,552343.0,,False,
1419,2016,103,294754.0,,False,
1420,2016,104,67423.0,,False,
1421,2016,105,362177.0,,False,
1422,2016,106,,,False,
1423,2016,107,802828.0,,False,
1424,2016,108,111692.0,,False,
1425,2016,109,914520.0,,False,
1426,2016,110,18659.0,,False,
1427,2016,111,10482.0,,False,
1428,2016,112,0.0,,False,
1429,2016,113,7646.0,,False,
1430,2016,114,36787.0,,False,
1431,2016,115,951307.0,,False,
1432,2015,100,507105.0,,False,
1433,2015,101,70408.0,,False,
1434,2015,102,577513.0,,False,
1435,2015,103,360726.0,,False,
1436,2015,104,93547.0,,False,
1437,2015,105,454273.0,,False,
1438,2015,106,,,False,
1439,2015,107,,,False,
1440,2015,108,,,False,
1441,2015,109,1031786.0,,False,
1442,2015,110,16255.0,,False,
1443,2015,111,9405.0,,False,
1444,2015,112,0.0,,False,
1445,2015,113,6374.0,,False,
1446,2015,114,32034.0,,False,
1447,2015,115,1063820.0,,False,
1448,2014,100,511531.0,,False,
1449,2014,101,51377.0,,False,
1450,2014,102,562908.0,,False,
1451,2014,103,394756.0,,False,
1452,2014,104,95159.0,,False,
1453,2014,105,489915.0,,False,
1454,2014,106,,,False,
1455,2014,107,,,False,
1456,2014,108,,,False,
1457,2014,109,1077663.0,,False,
1458,2014,110,12547.0,,False,
1459,2014,111,6682.0,,False,
1460,2014,112,0.0,,False,
1461,2014,113,5611.0,,False,
1462,2014,114,24840.0,,False,
1463,2014,115,1102503.0,,False,
1464,2013,100,486641.0,,False,
1465,2013,101,49806.0,,False,
1466,2013,102,536447.0,,False,
1467,2013,103,413585.0,,False,
1468,2013,104,91851.0,,False,
1469,2013,105,505436.0,,False,
1470,2013,106,,,False,
1471,2013,107,,,False,
1472,2013,108,,,False,
1473,2013,109,1055577.0,,False,
1474,2013,110,,,False,
1475,2013,111,,,False,
1476,2013,112,,,False,
1477,2013,113,,,False,
1478,2013,114,,,False,
1479,2013,115,,,False,
1480,2012,100,458555.0,,False,
1481,2012,101,94680.0,,False,
1482,2012,102,553235.0,,False,
1483,2012,103,432333.0,,False,
1484,2012,104,116376.0,,False,
1485,2012,105,548709.0,,False,
1486,2012,106,,,False,
1487,2012,107,,,False,
1488,2012,108,,,False,
1489,2012,109,1101944.0,,False,
1490,2012,110,,,False,
1491,2012,111,,,False,
1492,2012,112,,,False,
1493,2012,113,,,False,
1494,2012,114,,,False,
1495,2012,115,,,False,
1496,2024,116,55766.0,,True,averaged from 2022 (69373) and 2023 (42159) — original 92589 was inflated
1497,2024,117,80803.0,,True,averaged from 2022 (97217) and 2023 (64389) — original 114784 was inflated
1498,2023,116,42159.0,,False,
1499,2023,117,64389.0,,False,
1500,2022,116,69373.0,,False,
1501,2022,117,97217.0,,False,
1502,2021,116,34582.0,,False,
1503,2021,117,79723.0,,False,
1504,2020,116,28538.0,,False,
1505,2020,117,64835.0,,False,
1506,2019,116,31272.0,,False,
1507,2019,117,81837.0,,False,
1508,2018,116,28507.0,,False,
1509,2018,117,80451.0,,False,
1510,2017,116,27302.0,,False,
1511,2017,117,85192.0,,False,
1512,2016,116,24741.0,,False,
1513,2016,117,57729.0,,False,
1514,2015,116,25495.0,,False,
1515,2015,117,63124.0,,False,
1516,2014,116,24635.0,,False,
1517,2014,117,60897.0,,False,
1518,2013,116,,,False,
1519,2013,117,,,False,
1520,2012,116,23899.0,,False,
1521,2012,117,57034.0,,False,
1522,2024,118,834.0,,False,
1523,2024,119,245.0,,False,
1524,2024,120,1079.0,,False,
1525,2024,121,301.0,,False,
1526,2024,122,640.0,,False,
1527,2024,123,264.0,,False,
1528,2024,124,2284.0,,False,
1529,2024,125,26316.0,,False,
1530,2024,126,3897.0,,False,
1531,2024,127,5769.0,,False,
1532,2024,128,14388.0,,False,
1533,2024,129,50370.0,,False,
1534,2023,118,847.0,,False,
1535,2023,119,258.0,,False,
1536,2023,120,1105.0,,False,
1537,2023,121,286.0,,False,
1538,2023,122,528.0,,False,
1539,2023,123,1677.0,,False,
1540,2023,124,3596.0,,False,
1541,2023,125,26680.0,,False,
1542,2023,126,3138.0,,False,
1543,2023,127,5251.0,,False,
1544,2023,128,27167.0,,False,
1545,2023,129,62236.0,,False,
1546,2022,118,298.0,,False,
1547,2022,119,71.0,,False,
1548,2022,120,369.0,,False,
1549,2022,121,111.0,,False,
1550,2022,122,187.0,,False,
1551,2022,123,71.0,,False,
1552,2022,124,738.0,,False,
1553,2022,125,10094.0,,False,
1554,2022,126,1403.0,,False,
1555,2022,127,3592.0,,False,
1556,2022,128,10705.0,,False,
1557,2022,129,25794.0,,False,
1558,2021,118,0.0,,False,
1559,2021,119,0.0,,False,
1560,2021,120,138.0,,False,
1561,2021,121,347.0,,False,
1562,2021,122,47.0,,False,
1563,2021,123,38.0,,False,
1564,2021,124,570.0,,False,
1565,2021,125,4570.0,,False,
1566,2021,126,678.0,,False,
1567,2021,127,1732.0,,False,
1568,2021,128,183.0,,False,
1569,2021,129,7163.0,,False,
1570,2020,118,,,False,
1571,2020,119,,,False,
1572,2020,120,2286.0,,False,
1573,2020,121,1021.0,,False,
1574,2020,122,590.0,,False,
1575,2020,123,,,False,
1576,2020,124,5569.0,,False,
1577,2020,125,13627.0,,False,
1578,2020,126,2133.0,,False,
1579,2020,127,5294.0,,False,
1580,2020,128,,,False,
1581,2020,129,27877.0,,False,
1582,2019,118,,,False,
1583,2019,119,,,False,
1584,2019,120,2609.0,,False,
1585,2019,121,344.0,,False,
1586,2019,122,740.0,,False,
1587,2019,123,,,False,
1588,2019,124,2953.0,,False,
1589,2019,125,57780.0,,False,
1590,2019,126,11049.0,,False,
1591,2019,127,7698.0,,False,
1592,2019,128,,,False,
1593,2019,129,68829.0,,False,
1594,2018,118,,,False,
1595,2018,119,,,False,
1596,2018,120,2538.0,,True,averaged from 2017 (2466) and 2019 (2609) — original 4765 was inflated
1597,2018,121,270.0,,True,averaged from 2017 (195) and 2019 (344) — original 921 was inflated
1598,2018,122,1496.0,,True,averaged from 2017 (2252) and 2019 (740) — original 6177 was inflated
1599,2018,123,719.0,,False,
1600,2018,124,3770.0,,True,averaged from 2017 (4588) and 2019 (2953) — original 11421 was inflated
1601,2018,125,68046.0,,True,averaged from 2017 (78311) and 2019 (57780) — original 63184 was inflated
1602,2018,126,8947.0,,True,averaged from 2017 (6845) and 2019 (11049) — original 11257 was inflated
1603,2018,127,7716.0,,True,averaged from 2017 (7734) and 2019 (7698) — original 12178 was inflated
1604,2018,128,31421.0,,False,
1605,2018,129,80860.0,,True,averaged from 2017 (92890) and 2019 (68829) — original 118040 was inflated
1606,2017,118,,,False,
1607,2017,119,,,False,
1608,2017,120,2466.0,,False,
1609,2017,121,195.0,,False,
1610,2017,122,2252.0,,False,
1611,2017,123,0.0,,False,
1612,2017,124,4588.0,,False,
1613,2017,125,78311.0,,False,
1614,2017,126,6845.0,,False,
1615,2017,127,7734.0,,False,
1616,2017,128,0.0,,False,
1617,2017,129,92890.0,,False,
1618,2016,118,,,False,
1619,2016,119,,,False,
1620,2016,120,2252.0,,False,
1621,2016,121,140.0,,False,
1622,2016,122,207.0,,False,
1623,2016,123,84.0,,False,
1624,2016,124,2386.0,,False,
1625,2016,125,67768.0,,True,back-calculated: total (78319) - YA (5419) - Adult (4850) - Gen (282) — original 97827 was inflated
1626,2016,126,5419.0,,False,
1627,2016,127,4850.0,,False,
1628,2016,128,282.0,,False,
1629,2016,129,78319.0,,False,
1630,2015,118,,,False,
1631,2015,119,,,False,
1632,2015,120,2136.0,,False,
1633,2015,121,126.0,,False,
1634,2015,122,315.0,,False,
1635,2015,123,13.0,,False,
1636,2015,124,2317.0,,False,
1637,2015,125,68202.0,,True,back-calculated: total (79560) - YA (4315) - Adult (6631) - Gen (412) — original 133781 was inflated
1638,2015,126,4315.0,,False,
1639,2015,127,6631.0,,False,
1640,2015,128,412.0,,False,
1641,2015,129,79560.0,,False,
1642,2014,118,,,False,
1643,2014,119,,,False,
1644,2014,120,1208.0,,False,
1645,2014,121,130.0,,False,
1646,2014,122,240.0,,False,
1647,2014,123,1.0,,False,
1648,2014,124,1331.0,,False,
1649,2014,125,49175.0,,True,back-calculated: total (62587) - YA (7296) - Adult (6116) - Gen (0) — original 95836 was inflated
1650,2014,126,7296.0,,False,
1651,2014,127,6116.0,,False,
1652,2014,128,0.0,,False,
1653,2014,129,62587.0,,False,
1654,2013,118,,,False,
1655,2013,119,,,False,
1656,2013,120,1733.0,,False,
1657,2013,121,107.0,,False,
1658,2013,122,144.0,,False,
1659,2013,123,,,False,
1660,2013,124,1984.0,,False,
1661,2013,125,65609.0,,False,
1662,2013,126,4207.0,,False,
1663,2013,127,6487.0,,False,
1664,2013,128,,,False,
1665,2013,129,76891.0,,False,
1666,2012,118,,,False,
1667,2012,119,,,False,
1668,2012,120,1563.0,,False,
1669,2012,121,105.0,,False,
1670,2012,122,121.0,,False,
1671,2012,123,,,False,
1672,2012,124,1789.0,,False,
1673,2012,125,58984.0,,False,
1674,2012,126,4937.0,,False,
1675,2012,127,6588.0,,False,
1676,2012,128,,,False,
1677,2012,129,70509.0,,False,
1678,2024,130,744.0,,False,
1679,2024,131,3553.0,,False,
1680,2024,132,25805.0,,False,
1681,2023,130,879.0,,False,
1682,2023,131,964.0,,False,
1683,2023,132,17291.0,,False,
1684,2022,130,570.0,,False,
1685,2022,131,2577.0,,False,
1686,2022,132,21597.0,,False,
1687,2021,130,851.0,,False,
1688,2021,131,3972.0,,False,
1689,2021,132,0.0,,False,
1690,2020,130,726.0,,False,
1691,2020,131,3916.0,,False,
1692,2020,132,,,False,
1693,2019,130,496.0,,False,
1694,2019,131,2770.0,,False,
1695,2019,132,,,False,
1696,2018,130,821.0,,False,
1697,2018,131,4162.0,,False,
1698,2018,132,,,False,
1699,2017,130,786.0,,False,
1700,2017,131,4754.0,,False,
1701,2017,132,,,False,
1702,2016,130,437.0,,False,
1703,2016,131,2296.0,,False,
1704,2016,132,,,False,
1705,2015,130,464.0,,False,
1706,2015,131,2878.0,,False,
1707,2015,132,,,False,
1708,2014,130,284.0,,False,
1709,2014,131,1514.0,,False,
1710,2014,132,,,False,
1711,2013,130,587.0,,False,
1712,2013,131,1818.0,,False,
1713,2013,132,,,False,
1714,2012,130,469.0,,False,
1715,2012,131,1565.0,,False,
1716,2012,132,,,False,
