id,section,name,data_type,sort_order,is_auto_calculated,auto_calc_note
1,OPERATIONS,Total Systemwide Annual Weekend / Evening Hours,integer,0,False,
2,OPERATIONS,Total Systemwide Annual Hours,integer,1,False,
3,OPERATIONS,Number of Library Trustees,integer,2,False,
4,OPERATIONS,Regular Board Meetings,integer,3,False,
5,OPERATIONS,Does the library have a FOL group?,text,4,False,
6,OPERATIONS,Number of FOL groups,integer,5,False,
7,OPERATIONS,Friends Members all groups,integer,6,False,
8,STAFFING,MLIS Librarian Positions: Full Time,integer,7,False,
9,STAFFING,MLIS Librarian Positions: Part time,integer,8,False,
10,STAFFING,Librarian positions: MLIS FTE,decimal,9,False,
11,STAFFING,Full Time Funded Other Librarian Positions,integer,10,False,
12,STAFFING,Part Time Funded Other Librarian Positions,integer,11,False,
13,STAFFING,FTE Other Librarians,decimal,12,False,
14,STAFFING,Librarian positions: BA/BS Full time,integer,13,False,
15,STAFFING,Librarian positions: BA/BS Part time,integer,14,False,
16,STAFFING,Librarian positions: BA/BS FTE,decimal,15,False,
17,STAFFING,Librarian positions: Less than BA/BS Full time,integer,16,False,
18,STAFFING,Librarian positions: Less than BA/BS Part time,integer,17,False,
19,STAFFING,Librarian positions: Less than BA/BS FTE,decimal,18,False,
20,STAFFING,Total Librarians,integer,19,False,
21,STAFFING,All other Full time funded positions,integer,20,False,
22,STAFFING,All other Part time funded positions,integer,21,False,
23,STAFFING,All other staff FTE,decimal,22,False,
24,STAFFING,Full time positions: Total,integer,23,False,
25,STAFFING,Part time positions: Total,integer,24,False,
26,STAFFING,Grand total library staff FTE,decimal,25,False,
27,STAFFING,New librarian gross annual salary,integer,26,False,
28,REVENUE,Millage assessed,decimal,27,False,
29,REVENUE,County operating revenue,integer,28,False,
30,REVENUE,County capital revenue,integer,29,False,
31,REVENUE,Total local operating revenue,integer,30,False,
32,REVENUE,Total local capital revenue,integer,31,False,
33,REVENUE,State Aid operating revenue,decimal,32,False,
34,REVENUE,Total State Aid revenue,integer,33,False,
35,REVENUE,Lottery operating revenue,integer,34,False,
36,REVENUE,Total state operating revenue,integer,35,False,
37,REVENUE,Federal / LSTA operating revenue,integer,36,False,
38,REVENUE,Other federal operating revenue,integer,37,False,
39,REVENUE,Total federal operating revenue,integer,38,False,
40,REVENUE,Total federal capital revenue,integer,39,False,
41,REVENUE,Other operating revenue,integer,40,False,
42,REVENUE,Other capital revenue,integer,41,False,
43,REVENUE,Total operating revenue,integer,42,False,
44,REVENUE,Subtotal: Capital outlay,integer,43,False,
45,REVENUE,Total capital outlay including other revenue,integer,44,False,
46,REVENUE,Grand total operating + capital revenue,integer,45,False,
47,EXPENSES STAFF,Salary / Wages,integer,46,False,
48,EXPENSES STAFF,Employee benefits,integer,47,False,
49,EXPENSES STAFF,Total staff expenditures,integer,48,False,
50,EXPENSES COLLECTION,Expenditures: Print materials,integer,49,False,
51,EXPENSES COLLECTION,Expenditures: Electronic materials,integer,50,False,
52,EXPENSES COLLECTION,Expenditures: AV materials,integer,51,False,
53,EXPENSES COLLECTION,Expenditures: Other materials,integer,52,False,
54,EXPENSES COLLECTION,Expenditures: Total Other Materials,integer,53,False,
55,EXPENSES COLLECTION,Expenditures: Total for collections,integer,54,False,
56,EXPENSES OPERATIONS,Expenditures: Other operating - Furniture & Equipment,integer,55,False,
57,EXPENSES OPERATIONS,Expenditures: Other operating - Plant operations & Maintenance,integer,56,False,
58,EXPENSES OPERATIONS,Expenditures: All other operating,integer,57,False,
59,EXPENSES OPERATIONS,Expenditures: Total other,integer,58,False,
60,EXPENSES OPERATIONS,Expenditures: Total operating,integer,59,False,
61,EXPENSES CAPITAL,Expenditures: Capital building,integer,60,False,
62,EXPENSES CAPITAL,Expenditures: Capital - Bookmobile / Vehicle,integer,61,False,
63,EXPENSES CAPITAL,Expenditures: Capital - Furniture & Equipment,integer,62,False,
64,EXPENSES CAPITAL,Expenditures: Capital - Other,integer,63,False,
65,EXPENSES CAPITAL,Expenditures: Capital - Total,integer,64,False,
66,EXPENSES TOTAL,Expenditures: GRAND TOTAL Operating + Capital,integer,65,False,
67,COLLECTION SIZE,Collections: Number of print materials added,integer,66,False,
68,COLLECTION SIZE,Collections: Number of print materials removed (weeded),integer,67,False,
69,COLLECTION SIZE,Collections: Total print materials held,integer,68,False,
70,COLLECTION SIZE,Collections: Print serials subscriptions added,integer,69,False,
71,COLLECTION SIZE,Collections: Print serials subscriptions removed,integer,70,False,
72,COLLECTION SIZE,Collections: Total print serials subscriptions held,integer,71,False,
73,COLLECTION SIZE,Collections: Audio materials added,integer,72,False,
74,COLLECTION SIZE,Collections: Audio materials removed,integer,73,False,
75,COLLECTION SIZE,Collections: Audio materials held,integer,74,False,
76,COLLECTION SIZE,Collections: Video materials added,integer,75,False,
77,COLLECTION SIZE,Collections: Video materials removed,integer,76,False,
78,COLLECTION SIZE,Collections: Video materials held,integer,77,False,
79,COLLECTION SIZE,Collection: Total Physical Items,integer,78,False,
80,COLLECTION SIZE,Downloadable audio units held,integer,79,False,
81,COLLECTION SIZE,Downloadable video units held,integer,80,False,
82,COLLECTION SIZE,Electronic books (E-books) held,integer,81,False,
83,COLLECTION SIZE,Downloadable periodical titles,integer,82,False,
84,COLLECTION SIZE,Total downloadable units available,integer,83,False,
85,COLLECTION SIZE,Electronic databases subscribed to by the library alone,integer,84,False,
86,COLLECTION SIZE,Electronic databases subscribed to as part of a consortium,integer,85,False,
87,COLLECTION SIZE,Total of Discus databases,integer,86,False,
88,COLLECTION SIZE,Total databases,integer,87,False,
89,USERS GATE COUNT,"Registered users, Adult",integer,88,False,
90,USERS GATE COUNT,"Registered users, Juvenile",integer,89,False,
91,USERS GATE COUNT,Total registered users,integer,90,False,
92,USERS GATE COUNT,Annual Library Visits (gate count),integer,91,True,Sum of Gate Count across all branches for the fiscal year (Jul–Jun)
93,USERS GATE COUNT,Population of the service area,integer,92,False,
94,TECH USE,Number of public internet computers,integer,93,False,
95,TECH USE,Number of wireless sessions,integer,94,True,Sum of WiFi - Unique Sessions across all branches for the fiscal year (Jul–Jun)
96,TECH USE,Number of website visits,integer,95,True,Sum of yclibrary.org - Web Sessions (Online Stats) for the fiscal year (Jul–Jun)
97,REF MTG RM,Number of times library facilities were used by external parties,integer,96,False,
98,REF MTG RM,Number of Reference Transactions,integer,97,False,
99,REF MTG RM,Number of scheduled 1:1 sessions,integer,98,False,
100,CIRC,Circulation: Juvenile print,integer,99,False,
101,CIRC,Circulation: Juvenile non-print (A/V),integer,100,False,
102,CIRC,Circulation: Juvenile total all physical items,integer,101,False,
103,CIRC,Circulation: Adult print,integer,102,False,
104,CIRC,Circulation: Adult non-print (A/V),integer,103,False,
105,CIRC,Circulation: Adult total all physical items,integer,104,False,
106,CIRC,Circulation: Other physical items,integer,105,False,
107,CIRC,"Circulation: Books and other print materials, all ages",integer,106,False,
108,CIRC,"Circulation: Non print (A/V physical items), all ages",integer,107,False,
109,CIRC,TOTAL COLLECTION USE,integer,108,True,Sum of Total Branch Circulation across all branches for the fiscal year (Jul–Jun)
110,CIRC,Usage of (Circulation) E-books,integer,109,False,
111,CIRC,Usage of (Circulation) Electronic Audio,integer,110,False,
112,CIRC,Usage of (Circulation) Electronic video,integer,111,False,
113,CIRC,Usage of (Circulation) Electronic Periodicals,integer,112,False,
114,CIRC,TOTAL CIRC ELECTRONIC,integer,113,False,
115,CIRC,GRAND TOTAL ALL CIRC,integer,114,False,
116,ILL,Interlibrary loans provided to another library,integer,115,False,
117,ILL,Interlibrary loans received from another library,integer,116,False,
118,PROGRAMMING,Synchronous Pgm Sessions Kids 0-5,integer,117,True,Sum of all ONSITE/OFFSITE/VIRTUAL Sessions 0-5 across all branches for the fiscal year
119,PROGRAMMING,Synchronous Pgm Sessions Kids 6-11,integer,118,True,Sum of all ONSITE/OFFSITE/VIRTUAL Sessions 6-11 across all branches for the fiscal year
120,PROGRAMMING,Total Programs 0-11,integer,119,True,Sum of all Sessions 0-5 and Sessions 6-11 across all branches for the fiscal year
121,PROGRAMMING,Total YA Programs for ages 12-18,integer,120,True,Sum of all ONSITE/OFFSITE/VIRTUAL Sessions 12-18 across all branches for the fiscal year
122,PROGRAMMING,Total Adult Programs for 18+,integer,121,True,Sum of all ONSITE/OFFSITE/VIRTUAL Sessions 19+ across all branches for the fiscal year
123,PROGRAMMING,Total Gen Audience,integer,122,True,Sum of all ONSITE/OFFSITE/VIRTUAL Sessions General Interest across all branches for the fiscal year
124,PROGRAMMING,Total of all programs,integer,123,True,"Sum of all programming sessions across all age groups, types, and branches for the fiscal year"
125,PROGRAMMING,Children 0 to 11 programs attendance,integer,124,True,Sum of all ONSITE/OFFSITE/VIRTUAL Attendance 0-5 and 6-11 across all branches for the fiscal year
126,PROGRAMMING,YA 12-18 programs attendance,integer,125,True,Sum of all ONSITE/OFFSITE/VIRTUAL Attendance 12-18 across all branches for the fiscal year
127,PROGRAMMING,Adult programs attendance,integer,126,True,Sum of all ONSITE/OFFSITE/VIRTUAL Attendance 19+ across all branches for the fiscal year
128,PROGRAMMING,Total General attendance,integer,127,True,Sum of all ONSITE/OFFSITE/VIRTUAL Attendance General Interest across all branches for the fiscal year
129,PROGRAMMING,Total Attendance all programs and all ages,integer,128,True,"Sum of all programming attendance across all age groups, types, and branches for the fiscal year"
130,OUTREACH,Number of staff trained,integer,129,True,Sum of Number of Staff Taking Training across all branches for the fiscal year
131,OUTREACH,Number of hours of training attended by staff,decimal,130,True,Sum of Number of Hours Staff Attended Training across all branches for the fiscal year
132,OUTREACH,Number of items distributed as take-and-makes,integer,131,True,Sum of Take & Makes / Other Passive Program Participants across all branches for the fiscal year
