id,category_id,branch_id,year,month,quarter,submitted_at,submitted_by,notes
797,1,6,2025,8,,,SIRSI Import,
798,1,2,2025,8,,,SIRSI Import,
799,1,12,2025,8,,,SIRSI Import,
800,1,3,2025,8,,,SIRSI Import,
801,1,13,2025,8,,,SIRSI Import,
802,1,4,2025,8,,,SIRSI Import,
803,1,14,2025,8,,,SIRSI Import,
804,1,1,2025,8,,,SIRSI Import,
805,1,16,2025,8,,,SIRSI Import,
806,1,5,2025,8,,,SIRSI Import,
807,1,15,2025,8,,,SIRSI Import,
808,1,1,2024,1,,,Excel Import,
809,1,2,2024,1,,,Excel Import,
810,1,3,2024,1,,,Excel Import,
811,1,4,2024,1,,,Excel Import,
812,1,5,2024,1,,,Excel Import,
813,1,6,2024,1,,,Excel Import,
814,1,7,2024,1,,,Excel Import,
815,1,1,2024,2,,,Excel Import,
816,1,2,2024,2,,,Excel Import,
817,1,3,2024,2,,,Excel Import,
818,1,4,2024,2,,,Excel Import,
819,1,5,2024,2,,,Excel Import,
820,1,6,2024,2,,,Excel Import,
821,1,7,2024,2,,,Excel Import,
822,1,1,2024,3,,,Excel Import,
823,1,2,2024,3,,,Excel Import,
824,1,3,2024,3,,,Excel Import,
825,1,4,2024,3,,,Excel Import,
826,1,5,2024,3,,,Excel Import,
827,1,6,2024,3,,,Excel Import,
828,1,7,2024,3,,,Excel Import,
829,1,1,2024,4,,,Excel Import,
830,1,2,2024,4,,,Excel Import,
831,1,3,2024,4,,,Excel Import,
832,1,4,2024,4,,,Excel Import,
833,1,5,2024,4,,,Excel Import,
834,1,6,2024,4,,,Excel Import,
835,1,7,2024,4,,,Excel Import,
836,1,1,2024,5,,,Excel Import,
837,1,2,2024,5,,,Excel Import,
838,1,3,2024,5,,,Excel Import,
839,1,4,2024,5,,,Excel Import,
840,1,5,2024,5,,,Excel Import,
841,1,6,2024,5,,,Excel Import,
842,1,7,2024,5,,,Excel Import,
843,1,1,2024,6,,,Excel Import,
844,1,2,2024,6,,,Excel Import,
845,1,3,2024,6,,,Excel Import,
846,1,4,2024,6,,,Excel Import,
847,1,5,2024,6,,,Excel Import,
848,1,6,2024,6,,,Excel Import,
849,1,1,2024,7,,,Excel Import,
850,1,2,2024,7,,,Excel Import,
851,1,3,2024,7,,,Excel Import,
852,1,4,2024,7,,,Excel Import,
853,1,5,2024,7,,,Excel Import,
854,1,6,2024,7,,,Excel Import,
855,1,7,2024,7,,,Excel Import,
856,1,1,2024,8,,,Excel Import,
857,1,2,2024,8,,,Excel Import,
858,1,3,2024,8,,,Excel Import,
859,1,4,2024,8,,,Excel Import,
860,1,5,2024,8,,,Excel Import,
861,1,6,2024,8,,,Excel Import,
862,1,7,2024,8,,,Excel Import,
863,1,1,2024,9,,,Excel Import,
864,1,2,2024,9,,,Excel Import,
865,1,3,2024,9,,,Excel Import,
866,1,4,2024,9,,,Excel Import,
867,1,5,2024,9,,,Excel Import,
868,1,6,2024,9,,,Excel Import,
869,1,7,2024,9,,,Excel Import,
870,1,1,2024,10,,,Excel Import,
871,1,2,2024,10,,,Excel Import,
872,1,3,2024,10,,,Excel Import,
873,1,4,2024,10,,,Excel Import,
874,1,5,2024,10,,,Excel Import,
875,1,6,2024,10,,,Excel Import,
876,1,7,2024,10,,,Excel Import,
877,1,1,2024,11,,,Excel Import,
878,1,2,2024,11,,,Excel Import,
879,1,3,2024,11,,,Excel Import,
880,1,4,2024,11,,,Excel Import,
881,1,5,2024,11,,,Excel Import,
882,1,6,2024,11,,,Excel Import,
883,1,7,2024,11,,,Excel Import,
884,1,1,2024,12,,,Excel Import,
885,1,2,2024,12,,,Excel Import,
886,1,3,2024,12,,,Excel Import,
887,1,4,2024,12,,,Excel Import,
888,1,5,2024,12,,,Excel Import,
889,1,6,2024,12,,,Excel Import,
890,1,7,2024,12,,,Excel Import,
891,1,2,2025,4,,,Excel Import,
892,1,3,2025,4,,,Excel Import,
893,1,4,2025,4,,,Excel Import,
894,1,1,2025,4,,,Excel Import,
895,1,5,2025,4,,,Excel Import,
896,1,6,2025,4,,,Excel Import,
897,1,4,2025,12,,,Excel Import,
898,1,5,2025,12,,,Excel Import,
899,1,3,2025,12,,,Excel Import,
900,1,6,2025,12,,,Excel Import,
901,1,1,2025,12,,,Excel Import,
902,1,2,2025,2,,,Excel Import,
903,1,3,2025,2,,,Excel Import,
904,1,4,2025,2,,,Excel Import,
905,1,1,2025,2,,,Excel Import,
906,1,5,2025,2,,,Excel Import,
907,1,6,2025,2,,,Excel Import,
908,1,1,2025,1,,,Excel Import,
909,1,2,2025,1,,,Excel Import,
910,1,3,2025,1,,,Excel Import,
911,1,4,2025,1,,,Excel Import,
912,1,5,2025,1,,,Excel Import,
913,1,6,2025,1,,,Excel Import,
914,1,6,2025,7,,,Excel Import,
915,1,2,2025,7,,,Excel Import,
916,1,3,2025,7,,,Excel Import,
917,1,4,2025,7,,,Excel Import,
918,1,1,2025,7,,,Excel Import,
919,1,5,2025,7,,,Excel Import,
920,1,1,2025,6,,,Excel Import,
921,1,2,2025,6,,,Excel Import,
922,1,3,2025,6,,,Excel Import,
923,1,4,2025,6,,,Excel Import,
924,1,5,2025,6,,,Excel Import,
925,1,6,2025,6,,,Excel Import,
926,1,2,2025,3,,,Excel Import,
927,1,3,2025,3,,,Excel Import,
928,1,4,2025,3,,,Excel Import,
929,1,1,2025,3,,,Excel Import,
930,1,5,2025,3,,,Excel Import,
931,1,6,2025,3,,,Excel Import,
932,1,2,2025,5,,,Excel Import,
933,1,3,2025,5,,,Excel Import,
934,1,4,2025,5,,,Excel Import,
935,1,1,2025,5,,,Excel Import,
936,1,5,2025,5,,,Excel Import,
937,1,6,2025,5,,,Excel Import,
938,1,3,2025,11,,,Excel Import,
939,1,2,2025,11,,,Excel Import,
940,1,4,2025,11,,,Excel Import,
941,1,6,2025,11,,,Excel Import,
942,1,5,2025,11,,,Excel Import,
943,1,1,2025,11,,,Excel Import,
944,1,5,2025,10,,,Excel Import,
945,1,6,2025,10,,,Excel Import,
946,1,4,2025,10,,,Excel Import,
947,1,2,2025,10,,,Excel Import,
948,1,3,2025,10,,,Excel Import,
949,1,1,2025,10,,,Excel Import,
950,1,6,2025,9,,,Excel Import,
951,1,4,2025,9,,,Excel Import,
952,1,5,2025,9,,,Excel Import,
953,1,2,2025,9,,,Excel Import,
954,1,1,2025,9,,,Excel Import,
955,1,3,2025,9,,,Excel Import,
956,1,3,2026,1,,,Excel Import,
957,1,4,2026,1,,,Excel Import,
958,1,2,2026,1,,,Excel Import,
959,1,6,2026,1,,,Excel Import,
960,1,5,2026,1,,,Excel Import,
961,1,1,2026,1,,,Excel Import,
962,1,4,2026,2,,,Excel Import,
963,1,5,2026,2,,,Excel Import,
964,1,3,2026,2,,,Excel Import,
965,1,6,2026,2,,,Excel Import,
966,1,2,2026,2,,,Excel Import,
967,1,2,2026,3,,,Excel Import,
968,1,4,2026,3,,,Excel Import,
969,1,3,2026,3,,,Excel Import,
970,1,6,2026,3,,,Excel Import,
971,1,5,2026,3,,,Excel Import,
972,1,1,2026,3,,,Excel Import,
973,1,2,2025,12,,,SIRSI Import,
974,1,12,2025,12,,,SIRSI Import,
975,1,13,2025,12,,,SIRSI Import,
976,1,14,2025,12,,,SIRSI Import,
977,1,16,2025,12,,,SIRSI Import,
978,1,12,2026,2,,,SIRSI Import,
979,1,13,2026,2,,,SIRSI Import,
980,1,14,2026,2,,,SIRSI Import,
981,1,1,2026,2,,,SIRSI Import,
982,1,15,2026,2,,,SIRSI Import,
983,1,12,2026,1,,,SIRSI Import,
984,1,13,2026,1,,,SIRSI Import,
985,1,14,2026,1,,,SIRSI Import,
986,1,15,2026,1,,,SIRSI Import,
987,1,12,2025,7,,,SIRSI Import,
988,1,13,2025,7,,,SIRSI Import,
989,1,14,2025,7,,,SIRSI Import,
990,1,16,2025,7,,,SIRSI Import,
991,1,15,2025,7,,,SIRSI Import,
992,1,12,2026,3,,,SIRSI Import,
993,1,13,2026,3,,,SIRSI Import,
994,1,14,2026,3,,,SIRSI Import,
995,1,15,2026,3,,,SIRSI Import,
996,1,16,2026,3,,,SIRSI Import,
997,1,12,2025,11,,,SIRSI Import,
998,1,13,2025,11,,,SIRSI Import,
999,1,14,2025,11,,,SIRSI Import,
1000,1,15,2025,11,,,SIRSI Import,
1001,1,12,2025,10,,,SIRSI Import,
1002,1,13,2025,10,,,SIRSI Import,
1003,1,14,2025,10,,,SIRSI Import,
1004,1,15,2025,10,,,SIRSI Import,
1005,1,16,2025,10,,,SIRSI Import,
1006,1,12,2025,9,,,SIRSI Import,
1007,1,13,2025,9,,,SIRSI Import,
1008,1,14,2025,9,,,SIRSI Import,
1009,1,16,2025,9,,,SIRSI Import,
1010,1,15,2025,9,,,SIRSI Import,
1011,4,2,2025,6,1,,Excel Import,
1012,4,3,2025,6,1,,Excel Import,
1013,4,8,2025,6,1,,Excel Import,
1014,4,6,2025,6,1,,Excel Import,
1015,4,9,2025,6,1,,Excel Import,
1016,4,4,2025,6,1,,Excel Import,
1017,4,5,2025,6,1,,Excel Import,
1018,4,10,2025,6,1,,Excel Import,
1019,4,2,2025,10,2,,Excel Import,
1020,4,3,2025,10,2,,Excel Import,
1021,4,5,2025,10,2,,Excel Import,
1022,4,6,2025,10,2,,Excel Import,
1023,4,10,2025,10,2,,Excel Import,
1024,4,4,2025,10,2,,Excel Import,
1025,4,9,2025,10,2,,Excel Import,
1026,4,8,2025,10,2,,Excel Import,
1027,4,4,2026,1,3,,Excel Import,
1028,4,2,2026,1,3,,Excel Import,
1029,4,5,2026,1,3,,Excel Import,
1030,4,8,2026,1,3,,Excel Import,
1031,4,6,2026,1,3,,Excel Import,
1032,4,3,2026,1,3,,Excel Import,
1033,4,10,2026,1,3,,Excel Import,
1034,4,9,2026,1,3,,Excel Import,
1035,3,,2025,7,,,Excel Import,
1036,3,,2025,8,,,Excel Import,
1037,3,,2024,8,,,Excel Import,
1038,3,,2024,7,,,Excel Import,
1039,3,,2024,10,,,Excel Import,
1040,3,,2024,9,,,Excel Import,
1041,3,,2024,11,,,Excel Import,
1042,3,,2024,12,,,Excel Import,
1043,3,,2024,1,,,Excel Import,
1044,3,,2024,2,,,Excel Import,
1045,3,,2024,3,,,Excel Import,
1046,3,,2024,4,,,Excel Import,
1047,3,,2024,5,,,Excel Import,
1048,3,,2024,6,,,Excel Import,
1049,3,,2025,9,,,Excel Import,
1050,3,,2025,10,,,Excel Import,
1051,3,,2025,11,,,Excel Import,
1052,3,,2025,12,,,Excel Import,
1053,3,,2026,1,,,Excel Import,
1054,3,,2025,1,,,Excel Import,
1055,3,,2025,2,,,Excel Import,
1056,3,,2025,3,,,Excel Import,
1057,3,,2025,4,,,Excel Import,
1058,3,,2025,5,,,Excel Import,
1059,3,,2025,6,,,Excel Import,
1060,3,,2026,2,,,Excel Import,
1061,3,,2026,3,,,Excel Import,
1062,1,2,2018,7,,,Excel Import,
1063,1,3,2018,7,,,Excel Import,
1064,1,4,2018,7,,,Excel Import,
1065,1,6,2018,7,,,Excel Import,
1066,1,1,2018,7,,,Excel Import,
1067,1,7,2018,7,,,Excel Import,
1068,1,5,2018,7,,,Excel Import,
1069,1,2,2018,8,,,Excel Import,
1070,1,3,2018,8,,,Excel Import,
1071,1,4,2018,8,,,Excel Import,
1072,1,6,2018,8,,,Excel Import,
1073,1,1,2018,8,,,Excel Import,
1074,1,7,2018,8,,,Excel Import,
1075,1,5,2018,8,,,Excel Import,
1076,1,2,2018,9,,,Excel Import,
1077,1,3,2018,9,,,Excel Import,
1078,1,4,2018,9,,,Excel Import,
1079,1,6,2018,9,,,Excel Import,
1080,1,1,2018,9,,,Excel Import,
1081,1,7,2018,9,,,Excel Import,
1082,1,5,2018,9,,,Excel Import,
1083,1,2,2018,10,,,Excel Import,
1084,1,3,2018,10,,,Excel Import,
1085,1,4,2018,10,,,Excel Import,
1086,1,6,2018,10,,,Excel Import,
1087,1,1,2018,10,,,Excel Import,
1088,1,7,2018,10,,,Excel Import,
1089,1,5,2018,10,,,Excel Import,
1090,1,2,2018,11,,,Excel Import,
1091,1,3,2018,11,,,Excel Import,
1092,1,4,2018,11,,,Excel Import,
1093,1,6,2018,11,,,Excel Import,
1094,1,1,2018,11,,,Excel Import,
1095,1,7,2018,11,,,Excel Import,
1096,1,5,2018,11,,,Excel Import,
1097,1,2,2018,12,,,Excel Import,
1098,1,3,2018,12,,,Excel Import,
1099,1,4,2018,12,,,Excel Import,
1100,1,6,2018,12,,,Excel Import,
1101,1,1,2018,12,,,Excel Import,
1102,1,7,2018,12,,,Excel Import,
1103,1,5,2018,12,,,Excel Import,
1104,1,2,2019,1,,,Excel Import,
1105,1,3,2019,1,,,Excel Import,
1106,1,4,2019,1,,,Excel Import,
1107,1,6,2019,1,,,Excel Import,
1108,1,1,2019,1,,,Excel Import,
1109,1,7,2019,1,,,Excel Import,
1110,1,5,2019,1,,,Excel Import,
1111,1,2,2019,2,,,Excel Import,
1112,1,3,2019,2,,,Excel Import,
1113,1,4,2019,2,,,Excel Import,
1114,1,6,2019,2,,,Excel Import,
1115,1,1,2019,2,,,Excel Import,
1116,1,7,2019,2,,,Excel Import,
1117,1,5,2019,2,,,Excel Import,
1118,1,2,2019,3,,,Excel Import,
1119,1,3,2019,3,,,Excel Import,
1120,1,4,2019,3,,,Excel Import,
1121,1,6,2019,3,,,Excel Import,
1122,1,1,2019,3,,,Excel Import,
1123,1,7,2019,3,,,Excel Import,
1124,1,5,2019,3,,,Excel Import,
1125,1,2,2019,4,,,Excel Import,
1126,1,3,2019,4,,,Excel Import,
1127,1,4,2019,4,,,Excel Import,
1128,1,6,2019,4,,,Excel Import,
1129,1,1,2019,4,,,Excel Import,
1130,1,7,2019,4,,,Excel Import,
1131,1,5,2019,4,,,Excel Import,
1132,1,2,2019,5,,,Excel Import,
1133,1,3,2019,5,,,Excel Import,
1134,1,4,2019,5,,,Excel Import,
1135,1,6,2019,5,,,Excel Import,
1136,1,1,2019,5,,,Excel Import,
1137,1,7,2019,5,,,Excel Import,
1138,1,5,2019,5,,,Excel Import,
1139,1,2,2019,6,,,Excel Import,
1140,1,3,2019,6,,,Excel Import,
1141,1,4,2019,6,,,Excel Import,
1142,1,6,2019,6,,,Excel Import,
1143,1,1,2019,6,,,Excel Import,
1144,1,7,2019,6,,,Excel Import,
1145,1,5,2019,6,,,Excel Import,
1146,1,2,2019,7,,,Excel Import,
1147,1,3,2019,7,,,Excel Import,
1148,1,4,2019,7,,,Excel Import,
1149,1,6,2019,7,,,Excel Import,
1150,1,1,2019,7,,,Excel Import,
1151,1,7,2019,7,,,Excel Import,
1152,1,5,2019,7,,,Excel Import,
1153,1,2,2019,8,,,Excel Import,
1154,1,3,2019,8,,,Excel Import,
1155,1,4,2019,8,,,Excel Import,
1156,1,6,2019,8,,,Excel Import,
1157,1,1,2019,8,,,Excel Import,
1158,1,7,2019,8,,,Excel Import,
1159,1,5,2019,8,,,Excel Import,
1160,1,2,2019,9,,,Excel Import,
1161,1,3,2019,9,,,Excel Import,
1162,1,4,2019,9,,,Excel Import,
1163,1,6,2019,9,,,Excel Import,
1164,1,1,2019,9,,,Excel Import,
1165,1,7,2019,9,,,Excel Import,
1166,1,5,2019,9,,,Excel Import,
1167,1,2,2019,10,,,Excel Import,
1168,1,3,2019,10,,,Excel Import,
1169,1,4,2019,10,,,Excel Import,
1170,1,6,2019,10,,,Excel Import,
1171,1,1,2019,10,,,Excel Import,
1172,1,7,2019,10,,,Excel Import,
1173,1,5,2019,10,,,Excel Import,
1174,1,2,2019,11,,,Excel Import,
1175,1,3,2019,11,,,Excel Import,
1176,1,4,2019,11,,,Excel Import,
1177,1,6,2019,11,,,Excel Import,
1178,1,1,2019,11,,,Excel Import,
1179,1,7,2019,11,,,Excel Import,
1180,1,5,2019,11,,,Excel Import,
1181,1,2,2019,12,,,Excel Import,
1182,1,3,2019,12,,,Excel Import,
1183,1,4,2019,12,,,Excel Import,
1184,1,6,2019,12,,,Excel Import,
1185,1,1,2019,12,,,Excel Import,
1186,1,7,2019,12,,,Excel Import,
1187,1,5,2019,12,,,Excel Import,
1188,1,2,2020,1,,,Excel Import,
1189,1,3,2020,1,,,Excel Import,
1190,1,4,2020,1,,,Excel Import,
1191,1,6,2020,1,,,Excel Import,
1192,1,1,2020,1,,,Excel Import,
1193,1,7,2020,1,,,Excel Import,
1194,1,5,2020,1,,,Excel Import,
1195,1,2,2020,2,,,Excel Import,
1196,1,3,2020,2,,,Excel Import,
1197,1,4,2020,2,,,Excel Import,
1198,1,6,2020,2,,,Excel Import,
1199,1,1,2020,2,,,Excel Import,
1200,1,7,2020,2,,,Excel Import,
1201,1,5,2020,2,,,Excel Import,
1202,1,2,2020,3,,,Excel Import,
1203,1,3,2020,3,,,Excel Import,
1204,1,4,2020,3,,,Excel Import,
1205,1,6,2020,3,,,Excel Import,
1206,1,1,2020,3,,,Excel Import,
1207,1,7,2020,3,,,Excel Import,
1208,1,5,2020,3,,,Excel Import,
1209,1,2,2020,4,,,Excel Import,
1210,1,3,2020,4,,,Excel Import,
1211,1,4,2020,4,,,Excel Import,
1212,1,6,2020,4,,,Excel Import,
1213,1,1,2020,4,,,Excel Import,
1214,1,7,2020,4,,,Excel Import,
1215,1,5,2020,4,,,Excel Import,
1216,1,2,2020,5,,,Excel Import,
1217,1,3,2020,5,,,Excel Import,
1218,1,4,2020,5,,,Excel Import,
1219,1,6,2020,5,,,Excel Import,
1220,1,1,2020,5,,,Excel Import,
1221,1,7,2020,5,,,Excel Import,
1222,1,5,2020,5,,,Excel Import,
1223,1,2,2020,6,,,Excel Import,
1224,1,3,2020,6,,,Excel Import,
1225,1,4,2020,6,,,Excel Import,
1226,1,6,2020,6,,,Excel Import,
1227,1,1,2020,6,,,Excel Import,
1228,1,7,2020,6,,,Excel Import,
1229,1,5,2020,6,,,Excel Import,
1230,1,2,2020,7,,,Excel Import,
1231,1,3,2020,7,,,Excel Import,
1232,1,4,2020,7,,,Excel Import,
1233,1,6,2020,7,,,Excel Import,
1234,1,1,2020,7,,,Excel Import,
1235,1,7,2020,7,,,Excel Import,
1236,1,5,2020,7,,,Excel Import,
1237,1,2,2020,8,,,Excel Import,
1238,1,3,2020,8,,,Excel Import,
1239,1,4,2020,8,,,Excel Import,
1240,1,6,2020,8,,,Excel Import,
1241,1,1,2020,8,,,Excel Import,
1242,1,7,2020,8,,,Excel Import,
1243,1,5,2020,8,,,Excel Import,
1244,1,2,2020,9,,,Excel Import,
1245,1,3,2020,9,,,Excel Import,
1246,1,4,2020,9,,,Excel Import,
1247,1,6,2020,9,,,Excel Import,
1248,1,1,2020,9,,,Excel Import,
1249,1,7,2020,9,,,Excel Import,
1250,1,5,2020,9,,,Excel Import,
1251,1,2,2020,10,,,Excel Import,
1252,1,3,2020,10,,,Excel Import,
1253,1,4,2020,10,,,Excel Import,
1254,1,6,2020,10,,,Excel Import,
1255,1,1,2020,10,,,Excel Import,
1256,1,7,2020,10,,,Excel Import,
1257,1,5,2020,10,,,Excel Import,
1258,1,2,2020,11,,,Excel Import,
1259,1,3,2020,11,,,Excel Import,
1260,1,4,2020,11,,,Excel Import,
1261,1,6,2020,11,,,Excel Import,
1262,1,1,2020,11,,,Excel Import,
1263,1,7,2020,11,,,Excel Import,
1264,1,5,2020,11,,,Excel Import,
1265,1,2,2020,12,,,Excel Import,
1266,1,3,2020,12,,,Excel Import,
1267,1,4,2020,12,,,Excel Import,
1268,1,6,2020,12,,,Excel Import,
1269,1,1,2020,12,,,Excel Import,
1270,1,7,2020,12,,,Excel Import,
1271,1,5,2020,12,,,Excel Import,
1272,1,2,2021,1,,,Excel Import,
1273,1,3,2021,1,,,Excel Import,
1274,1,4,2021,1,,,Excel Import,
1275,1,6,2021,1,,,Excel Import,
1276,1,1,2021,1,,,Excel Import,
1277,1,7,2021,1,,,Excel Import,
1278,1,5,2021,1,,,Excel Import,
1279,1,2,2021,2,,,Excel Import,
1280,1,3,2021,2,,,Excel Import,
1281,1,4,2021,2,,,Excel Import,
1282,1,6,2021,2,,,Excel Import,
1283,1,1,2021,2,,,Excel Import,
1284,1,7,2021,2,,,Excel Import,
1285,1,5,2021,2,,,Excel Import,
1286,1,2,2021,3,,,Excel Import,
1287,1,3,2021,3,,,Excel Import,
1288,1,4,2021,3,,,Excel Import,
1289,1,6,2021,3,,,Excel Import,
1290,1,1,2021,3,,,Excel Import,
1291,1,7,2021,3,,,Excel Import,
1292,1,5,2021,3,,,Excel Import,
1293,1,2,2021,4,,,Excel Import,
1294,1,3,2021,4,,,Excel Import,
1295,1,4,2021,4,,,Excel Import,
1296,1,6,2021,4,,,Excel Import,
1297,1,1,2021,4,,,Excel Import,
1298,1,7,2021,4,,,Excel Import,
1299,1,5,2021,4,,,Excel Import,
1300,1,2,2021,5,,,Excel Import,
1301,1,3,2021,5,,,Excel Import,
1302,1,4,2021,5,,,Excel Import,
1303,1,6,2021,5,,,Excel Import,
1304,1,1,2021,5,,,Excel Import,
1305,1,7,2021,5,,,Excel Import,
1306,1,5,2021,5,,,Excel Import,
1307,1,2,2021,6,,,Excel Import,
1308,1,3,2021,6,,,Excel Import,
1309,1,4,2021,6,,,Excel Import,
1310,1,6,2021,6,,,Excel Import,
1311,1,1,2021,6,,,Excel Import,
1312,1,7,2021,6,,,Excel Import,
1313,1,5,2021,6,,,Excel Import,
1314,1,2,2021,7,,,Excel Import,
1315,1,3,2021,7,,,Excel Import,
1316,1,4,2021,7,,,Excel Import,
1317,1,6,2021,7,,,Excel Import,
1318,1,1,2021,7,,,Excel Import,
1319,1,7,2021,7,,,Excel Import,
1320,1,5,2021,7,,,Excel Import,
1321,1,2,2021,8,,,Excel Import,
1322,1,3,2021,8,,,Excel Import,
1323,1,4,2021,8,,,Excel Import,
1324,1,6,2021,8,,,Excel Import,
1325,1,1,2021,8,,,Excel Import,
1326,1,7,2021,8,,,Excel Import,
1327,1,5,2021,8,,,Excel Import,
1328,1,2,2021,9,,,Excel Import,
1329,1,3,2021,9,,,Excel Import,
1330,1,4,2021,9,,,Excel Import,
1331,1,6,2021,9,,,Excel Import,
1332,1,1,2021,9,,,Excel Import,
1333,1,7,2021,9,,,Excel Import,
1334,1,5,2021,9,,,Excel Import,
1335,1,2,2021,10,,,Excel Import,
1336,1,3,2021,10,,,Excel Import,
1337,1,4,2021,10,,,Excel Import,
1338,1,6,2021,10,,,Excel Import,
1339,1,1,2021,10,,,Excel Import,
1340,1,7,2021,10,,,Excel Import,
1341,1,5,2021,10,,,Excel Import,
1342,1,2,2021,11,,,Excel Import,
1343,1,3,2021,11,,,Excel Import,
1344,1,4,2021,11,,,Excel Import,
1345,1,6,2021,11,,,Excel Import,
1346,1,1,2021,11,,,Excel Import,
1347,1,7,2021,11,,,Excel Import,
1348,1,5,2021,11,,,Excel Import,
1349,1,2,2021,12,,,Excel Import,
1350,1,3,2021,12,,,Excel Import,
1351,1,4,2021,12,,,Excel Import,
1352,1,6,2021,12,,,Excel Import,
1353,1,1,2021,12,,,Excel Import,
1354,1,7,2021,12,,,Excel Import,
1355,1,5,2021,12,,,Excel Import,
1356,1,2,2022,1,,,Excel Import,
1357,1,3,2022,1,,,Excel Import,
1358,1,4,2022,1,,,Excel Import,
1359,1,6,2022,1,,,Excel Import,
1360,1,1,2022,1,,,Excel Import,
1361,1,7,2022,1,,,Excel Import,
1362,1,5,2022,1,,,Excel Import,
1363,1,2,2022,2,,,Excel Import,
1364,1,3,2022,2,,,Excel Import,
1365,1,4,2022,2,,,Excel Import,
1366,1,6,2022,2,,,Excel Import,
1367,1,1,2022,2,,,Excel Import,
1368,1,7,2022,2,,,Excel Import,
1369,1,5,2022,2,,,Excel Import,
1370,1,2,2022,3,,,Excel Import,
1371,1,3,2022,3,,,Excel Import,
1372,1,4,2022,3,,,Excel Import,
1373,1,6,2022,3,,,Excel Import,
1374,1,1,2022,3,,,Excel Import,
1375,1,7,2022,3,,,Excel Import,
1376,1,5,2022,3,,,Excel Import,
1377,1,2,2022,4,,,Excel Import,
1378,1,3,2022,4,,,Excel Import,
1379,1,4,2022,4,,,Excel Import,
1380,1,6,2022,4,,,Excel Import,
1381,1,1,2022,4,,,Excel Import,
1382,1,7,2022,4,,,Excel Import,
1383,1,5,2022,4,,,Excel Import,
1384,1,2,2022,5,,,Excel Import,
1385,1,3,2022,5,,,Excel Import,
1386,1,4,2022,5,,,Excel Import,
1387,1,6,2022,5,,,Excel Import,
1388,1,1,2022,5,,,Excel Import,
1389,1,7,2022,5,,,Excel Import,
1390,1,5,2022,5,,,Excel Import,
1391,1,2,2022,6,,,Excel Import,
1392,1,3,2022,6,,,Excel Import,
1393,1,4,2022,6,,,Excel Import,
1394,1,6,2022,6,,,Excel Import,
1395,1,1,2022,6,,,Excel Import,
1396,1,7,2022,6,,,Excel Import,
1397,1,5,2022,6,,,Excel Import,
1398,1,2,2022,7,,,Excel Import,
1399,1,3,2022,7,,,Excel Import,
1400,1,4,2022,7,,,Excel Import,
1401,1,6,2022,7,,,Excel Import,
1402,1,1,2022,7,,,Excel Import,
1403,1,7,2022,7,,,Excel Import,
1404,1,5,2022,7,,,Excel Import,
1405,1,2,2022,8,,,Excel Import,
1406,1,3,2022,8,,,Excel Import,
1407,1,4,2022,8,,,Excel Import,
1408,1,6,2022,8,,,Excel Import,
1409,1,1,2022,8,,,Excel Import,
1410,1,7,2022,8,,,Excel Import,
1411,1,5,2022,8,,,Excel Import,
1412,1,2,2022,9,,,Excel Import,
1413,1,3,2022,9,,,Excel Import,
1414,1,4,2022,9,,,Excel Import,
1415,1,6,2022,9,,,Excel Import,
1416,1,1,2022,9,,,Excel Import,
1417,1,7,2022,9,,,Excel Import,
1418,1,5,2022,9,,,Excel Import,
1419,1,2,2022,10,,,Excel Import,
1420,1,3,2022,10,,,Excel Import,
1421,1,4,2022,10,,,Excel Import,
1422,1,6,2022,10,,,Excel Import,
1423,1,1,2022,10,,,Excel Import,
1424,1,7,2022,10,,,Excel Import,
1425,1,5,2022,10,,,Excel Import,
1426,1,2,2022,11,,,Excel Import,
1427,1,3,2022,11,,,Excel Import,
1428,1,4,2022,11,,,Excel Import,
1429,1,6,2022,11,,,Excel Import,
1430,1,1,2022,11,,,Excel Import,
1431,1,7,2022,11,,,Excel Import,
1432,1,5,2022,11,,,Excel Import,
1433,1,2,2022,12,,,Excel Import,
1434,1,3,2022,12,,,Excel Import,
1435,1,4,2022,12,,,Excel Import,
1436,1,6,2022,12,,,Excel Import,
1437,1,1,2022,12,,,Excel Import,
1438,1,7,2022,12,,,Excel Import,
1439,1,5,2022,12,,,Excel Import,
1440,1,2,2023,1,,,Excel Import,
1441,1,3,2023,1,,,Excel Import,
1442,1,4,2023,1,,,Excel Import,
1443,1,6,2023,1,,,Excel Import,
1444,1,1,2023,1,,,Excel Import,
1445,1,7,2023,1,,,Excel Import,
1446,1,5,2023,1,,,Excel Import,
1447,1,2,2023,2,,,Excel Import,
1448,1,3,2023,2,,,Excel Import,
1449,1,4,2023,2,,,Excel Import,
1450,1,6,2023,2,,,Excel Import,
1451,1,1,2023,2,,,Excel Import,
1452,1,7,2023,2,,,Excel Import,
1453,1,5,2023,2,,,Excel Import,
1454,1,2,2023,3,,,Excel Import,
1455,1,3,2023,3,,,Excel Import,
1456,1,4,2023,3,,,Excel Import,
1457,1,6,2023,3,,,Excel Import,
1458,1,1,2023,3,,,Excel Import,
1459,1,7,2023,3,,,Excel Import,
1460,1,5,2023,3,,,Excel Import,
1461,1,2,2023,4,,,Excel Import,
1462,1,3,2023,4,,,Excel Import,
1463,1,4,2023,4,,,Excel Import,
1464,1,6,2023,4,,,Excel Import,
1465,1,1,2023,4,,,Excel Import,
1466,1,7,2023,4,,,Excel Import,
1467,1,5,2023,4,,,Excel Import,
1468,1,2,2023,5,,,Excel Import,
1469,1,3,2023,5,,,Excel Import,
1470,1,4,2023,5,,,Excel Import,
1471,1,6,2023,5,,,Excel Import,
1472,1,1,2023,5,,,Excel Import,
1473,1,7,2023,5,,,Excel Import,
1474,1,5,2023,5,,,Excel Import,
1475,1,2,2023,6,,,Excel Import,
1476,1,3,2023,6,,,Excel Import,
1477,1,4,2023,6,,,Excel Import,
1478,1,6,2023,6,,,Excel Import,
1479,1,1,2023,6,,,Excel Import,
1480,1,7,2023,6,,,Excel Import,
1481,1,5,2023,6,,,Excel Import,
1482,1,2,2023,7,,,Excel Import,
1483,1,3,2023,7,,,Excel Import,
1484,1,4,2023,7,,,Excel Import,
1485,1,6,2023,7,,,Excel Import,
1486,1,1,2023,7,,,Excel Import,
1487,1,7,2023,7,,,Excel Import,
1488,1,5,2023,7,,,Excel Import,
1489,1,2,2023,8,,,Excel Import,
1490,1,3,2023,8,,,Excel Import,
1491,1,4,2023,8,,,Excel Import,
1492,1,6,2023,8,,,Excel Import,
1493,1,1,2023,8,,,Excel Import,
1494,1,7,2023,8,,,Excel Import,
1495,1,5,2023,8,,,Excel Import,
1496,1,2,2023,9,,,Excel Import,
1497,1,3,2023,9,,,Excel Import,
1498,1,4,2023,9,,,Excel Import,
1499,1,6,2023,9,,,Excel Import,
1500,1,1,2023,9,,,Excel Import,
1501,1,7,2023,9,,,Excel Import,
1502,1,5,2023,9,,,Excel Import,
1503,1,2,2023,10,,,Excel Import,
1504,1,3,2023,10,,,Excel Import,
1505,1,4,2023,10,,,Excel Import,
1506,1,6,2023,10,,,Excel Import,
1507,1,1,2023,10,,,Excel Import,
1508,1,7,2023,10,,,Excel Import,
1509,1,5,2023,10,,,Excel Import,
1510,1,2,2023,11,,,Excel Import,
1511,1,3,2023,11,,,Excel Import,
1512,1,4,2023,11,,,Excel Import,
1513,1,6,2023,11,,,Excel Import,
1514,1,1,2023,11,,,Excel Import,
1515,1,7,2023,11,,,Excel Import,
1516,1,5,2023,11,,,Excel Import,
1517,1,2,2023,12,,,Excel Import,
1518,1,3,2023,12,,,Excel Import,
1519,1,4,2023,12,,,Excel Import,
1520,1,6,2023,12,,,Excel Import,
1521,1,1,2023,12,,,Excel Import,
1522,1,7,2023,12,,,Excel Import,
1523,1,5,2023,12,,,Excel Import,
1524,1,7,2024,6,,,Excel Import,
1525,1,7,2025,1,,,Excel Import,
1526,1,7,2025,2,,,Excel Import,
1527,1,7,2025,3,,,Excel Import,
1528,1,7,2025,4,,,Excel Import,
1529,1,7,2025,5,,,Excel Import,
1530,1,7,2025,6,,,Excel Import,
1,4,4,2025,,3,2026-04-28 00:29:56.511067,Excel Import,
2,4,2,2025,,3,2026-04-28 00:29:56.535723,Excel Import,
3,4,5,2025,,3,2026-04-28 00:29:56.558919,Excel Import,
4,4,8,2025,,3,2026-04-28 00:29:56.583057,Excel Import,
5,4,6,2025,,3,2026-04-28 00:29:56.607312,Excel Import,
6,4,3,2025,,3,2026-04-28 00:29:56.631596,Excel Import,
7,4,10,2025,,3,2026-04-28 00:29:56.655624,Excel Import,
8,4,9,2025,,3,2026-04-28 00:29:56.678628,Excel Import,
9,4,2,2026,,4,2026-04-28 00:29:56.702033,Excel Import,
10,4,9,2026,,4,2026-04-28 00:29:56.725275,Excel Import,
12,4,4,2026,,4,2026-04-28 00:29:56.771516,Excel Import,
13,4,5,2026,,4,2026-04-28 00:29:56.795167,Excel Import,
14,4,10,2026,,4,2026-04-28 00:29:56.819263,Excel Import,
15,4,8,2026,,4,2026-04-28 00:29:56.843004,Excel Import,
11,4,17,2026,,4,2026-04-28 00:29:56.748381,Excel Import,
16,1,1,2026,4,,2026-04-28 20:02:48.120657,admin,
